feature,coefficient
Cytoplasm_AreaShape_Eccentricity,-0.08384575435791929
Cytoplasm_AreaShape_FormFactor,-0.6727047629815739
Cytoplasm_AreaShape_MajorAxisLength,-0.0610169109691421
Cytoplasm_AreaShape_Solidity,0.39378580918274303
Cytoplasm_AreaShape_Zernike_2_0,-0.2411686289895054
Cytoplasm_AreaShape_Zernike_2_2,-0.01196972098001969
Cytoplasm_AreaShape_Zernike_3_1,-0.030926134205132853
Cytoplasm_AreaShape_Zernike_4_0,0.060238373666812915
Cytoplasm_AreaShape_Zernike_4_2,-0.0006382431864881673
Cytoplasm_AreaShape_Zernike_5_1,0.03966642300783418
Cytoplasm_AreaShape_Zernike_5_3,-0.15347529937850765
Cytoplasm_AreaShape_Zernike_6_0,0.029483445568504327
Cytoplasm_AreaShape_Zernike_6_2,0.0969915679150184
Cytoplasm_AreaShape_Zernike_7_1,-0.017261737409882953
Cytoplasm_AreaShape_Zernike_7_3,0.0773914072436087
Cytoplasm_AreaShape_Zernike_8_0,0.037059188196950324
Cytoplasm_AreaShape_Zernike_8_2,-0.043690925825787964
Cytoplasm_AreaShape_Zernike_8_4,0.053491443872448606
Cytoplasm_AreaShape_Zernike_9_1,0.13640845044746394
Cytoplasm_AreaShape_Zernike_9_3,0.019465859962478897
Cytoplasm_AreaShape_Zernike_9_5,0.0045656986610830876
Cytoplasm_Correlation_Correlation_DAPI_GFP,0.0920165171532313
Cytoplasm_Correlation_Correlation_DAPI_RFP,-0.021844214039394176
Cytoplasm_Correlation_K_DAPI_GFP,-0.23543584955129307
Cytoplasm_Correlation_K_DAPI_RFP,-0.09843249534405363
Cytoplasm_Correlation_K_GFP_DAPI,0.5530312985152565
Cytoplasm_Correlation_K_RFP_CY5,0.16941018331971983
Cytoplasm_Correlation_Overlap_DAPI_GFP,-0.14038848359269815
Cytoplasm_Correlation_Overlap_DAPI_RFP,0.02390080659326639
Cytoplasm_Correlation_Overlap_GFP_RFP,-0.2495463381639327
Cytoplasm_Correlation_RWC_DAPI_CY5,0.006667896554716348
Cytoplasm_Correlation_RWC_DAPI_GFP,-0.8439648278002424
Cytoplasm_Correlation_RWC_DAPI_RFP,-0.005585261198643371
Cytoplasm_Correlation_RWC_RFP_CY5,0.2971372600857061
Cytoplasm_Granularity_1_DAPI,-0.24736417832245342
Cytoplasm_Granularity_1_RFP,-0.055783796636916
Cytoplasm_Intensity_IntegratedIntensityEdge_CY5,-0.4022814507705778
Cytoplasm_Intensity_IntegratedIntensityEdge_DAPI,-1.523350759446674
Cytoplasm_Intensity_IntegratedIntensityEdge_GFP,0.18657395261988508
Cytoplasm_Intensity_IntegratedIntensity_CY5,-0.22817093208575945
Cytoplasm_Intensity_IntegratedIntensity_DAPI,-0.4747068908331696
Cytoplasm_Intensity_IntegratedIntensity_GFP,0.4273071029882151
Cytoplasm_Intensity_LowerQuartileIntensity_GFP,0.2948154067739186
Cytoplasm_Intensity_LowerQuartileIntensity_RFP,-0.17110220589460906
Cytoplasm_Intensity_MADIntensity_CY5,0.2432317897070013
Cytoplasm_Intensity_MADIntensity_DAPI,-0.25872942918871733
Cytoplasm_Intensity_MassDisplacement_DAPI,-0.035798295892572066
Cytoplasm_Intensity_MassDisplacement_GFP,0.031771436187414424
Cytoplasm_Intensity_MaxIntensityEdge_CY5,-0.13258908390150578
Cytoplasm_Intensity_MeanIntensityEdge_CY5,-0.10870063264290625
Cytoplasm_Intensity_MeanIntensityEdge_DAPI,0.4525911123270238
Cytoplasm_Intensity_StdIntensityEdge_GFP,-0.5416470991986921
Cytoplasm_Intensity_StdIntensity_DAPI,0.8619516272054977
Cytoplasm_Intensity_UpperQuartileIntensity_GFP,-0.5514251503202108
Cytoplasm_RadialDistribution_FracAtD_CY5_1of4,-0.0037554066139034387
Cytoplasm_RadialDistribution_FracAtD_DAPI_3of4,-0.030343826964265158
Cytoplasm_RadialDistribution_FracAtD_DAPI_4of4,0.11716294198329898
Cytoplasm_RadialDistribution_FracAtD_GFP_1of4,0.04678894614003135
Cytoplasm_RadialDistribution_FracAtD_RFP_1of4,0.14682736160582943
Cytoplasm_RadialDistribution_FracAtD_RFP_3of4,-0.061826339946123535
Cytoplasm_RadialDistribution_FracAtD_RFP_4of4,-0.16055988020806328
Cytoplasm_RadialDistribution_MeanFrac_DAPI_3of4,-0.5527013589554561
Cytoplasm_RadialDistribution_MeanFrac_DAPI_4of4,-0.38864248745452257
Cytoplasm_RadialDistribution_MeanFrac_GFP_3of4,0.31279993679191637
Cytoplasm_RadialDistribution_MeanFrac_GFP_4of4,0.2141657325649649
Cytoplasm_RadialDistribution_MeanFrac_RFP_1of4,-0.07522707622212302
Cytoplasm_RadialDistribution_MeanFrac_RFP_2of4,-0.13835315397747394
Cytoplasm_RadialDistribution_MeanFrac_RFP_3of4,0.13775778620565646
Cytoplasm_RadialDistribution_MeanFrac_RFP_4of4,0.017334883344716907
Cytoplasm_RadialDistribution_RadialCV_CY5_1of4,-0.10989496146872997
Cytoplasm_RadialDistribution_RadialCV_CY5_2of4,-0.022471304150924288
Cytoplasm_RadialDistribution_RadialCV_CY5_3of4,-0.018142979498551717
Cytoplasm_RadialDistribution_RadialCV_CY5_4of4,-0.034671792935593554
Cytoplasm_RadialDistribution_RadialCV_DAPI_2of4,0.012314485268112678
Cytoplasm_RadialDistribution_RadialCV_DAPI_3of4,0.14289352834876223
Cytoplasm_RadialDistribution_RadialCV_DAPI_4of4,0.09910650155160464
Cytoplasm_RadialDistribution_RadialCV_GFP_2of4,0.0017415290408795366
Cytoplasm_RadialDistribution_RadialCV_GFP_3of4,-0.10532938421851876
Cytoplasm_RadialDistribution_RadialCV_GFP_4of4,-0.06882860268989806
Cytoplasm_RadialDistribution_RadialCV_RFP_2of4,0.10829984648429716
Cytoplasm_RadialDistribution_RadialCV_RFP_3of4,-0.028623385490708104
Cytoplasm_RadialDistribution_RadialCV_RFP_4of4,-0.0033454742497848943
Cytoplasm_RadialDistribution_ZernikeMagnitude_CY5_2_0,-0.359488632616224
Cytoplasm_RadialDistribution_ZernikeMagnitude_CY5_3_1,0.027602939983027725
Cytoplasm_RadialDistribution_ZernikeMagnitude_CY5_4_0,-0.23564058571056232
Cytoplasm_RadialDistribution_ZernikeMagnitude_CY5_4_2,-0.12403235951975723
Cytoplasm_RadialDistribution_ZernikeMagnitude_CY5_5_1,-0.15087970227681294
Cytoplasm_RadialDistribution_ZernikeMagnitude_CY5_5_3,-0.16616942040353191
Cytoplasm_RadialDistribution_ZernikeMagnitude_CY5_6_0,-0.057907724627158375
Cytoplasm_RadialDistribution_ZernikeMagnitude_CY5_6_2,-0.020623022340282387
Cytoplasm_RadialDistribution_ZernikeMagnitude_CY5_7_1,0.0
Cytoplasm_RadialDistribution_ZernikeMagnitude_CY5_7_3,0.04376954319334327
Cytoplasm_RadialDistribution_ZernikeMagnitude_CY5_8_0,0.0819422794818915
Cytoplasm_RadialDistribution_ZernikeMagnitude_CY5_8_2,0.1633097903446426
Cytoplasm_RadialDistribution_ZernikeMagnitude_CY5_8_4,-0.04905389200997391
Cytoplasm_RadialDistribution_ZernikeMagnitude_CY5_9_1,0.04519588087990449
Cytoplasm_RadialDistribution_ZernikeMagnitude_CY5_9_3,0.055425289653838035
Cytoplasm_RadialDistribution_ZernikeMagnitude_DAPI_1_1,0.04348986771065898
Cytoplasm_RadialDistribution_ZernikeMagnitude_DAPI_2_0,-0.23583604015659312
Cytoplasm_RadialDistribution_ZernikeMagnitude_DAPI_3_1,0.23585355556649154
Cytoplasm_RadialDistribution_ZernikeMagnitude_DAPI_4_0,0.18497648344539394
Cytoplasm_RadialDistribution_ZernikeMagnitude_DAPI_5_1,0.06758510799676817
Cytoplasm_RadialDistribution_ZernikeMagnitude_DAPI_6_0,0.008347749547672787
Cytoplasm_RadialDistribution_ZernikeMagnitude_DAPI_6_2,0.13709004790877558
Cytoplasm_RadialDistribution_ZernikeMagnitude_DAPI_7_1,-0.08322253101869628
Cytoplasm_RadialDistribution_ZernikeMagnitude_DAPI_7_3,-0.13067947514939326
Cytoplasm_RadialDistribution_ZernikeMagnitude_DAPI_8_0,0.013142381577956051
Cytoplasm_RadialDistribution_ZernikeMagnitude_DAPI_8_2,-0.08515794473908982
Cytoplasm_RadialDistribution_ZernikeMagnitude_DAPI_8_4,0.19011965660578486
Cytoplasm_RadialDistribution_ZernikeMagnitude_DAPI_9_1,0.037019905135523556
Cytoplasm_RadialDistribution_ZernikeMagnitude_DAPI_9_3,0.053923849933142226
Cytoplasm_RadialDistribution_ZernikeMagnitude_DAPI_9_5,-0.1808209627598472
Cytoplasm_RadialDistribution_ZernikeMagnitude_GFP_1_1,0.02774214139166597
Cytoplasm_RadialDistribution_ZernikeMagnitude_GFP_2_0,0.16833226110569316
Cytoplasm_RadialDistribution_ZernikeMagnitude_GFP_2_2,0.09832415401443152
Cytoplasm_RadialDistribution_ZernikeMagnitude_GFP_3_1,0.1922676265687425
Cytoplasm_RadialDistribution_ZernikeMagnitude_GFP_4_0,0.14033092593936905
Cytoplasm_RadialDistribution_ZernikeMagnitude_GFP_4_2,-0.04199857387007238
Cytoplasm_RadialDistribution_ZernikeMagnitude_GFP_5_1,0.09401715898244156
Cytoplasm_RadialDistribution_ZernikeMagnitude_GFP_5_3,-0.034577910823456806
Cytoplasm_RadialDistribution_ZernikeMagnitude_GFP_6_0,0.07308963847249662
Cytoplasm_RadialDistribution_ZernikeMagnitude_GFP_6_2,0.1325034718510713
Cytoplasm_RadialDistribution_ZernikeMagnitude_GFP_7_1,0.04629582767894898
Cytoplasm_RadialDistribution_ZernikeMagnitude_GFP_7_3,0.013057118837803491
Cytoplasm_RadialDistribution_ZernikeMagnitude_GFP_8_0,-0.17255089301962728
Cytoplasm_RadialDistribution_ZernikeMagnitude_GFP_8_2,-0.2751856958278154
Cytoplasm_RadialDistribution_ZernikeMagnitude_GFP_9_1,-0.05253497282895381
Cytoplasm_RadialDistribution_ZernikeMagnitude_GFP_9_3,-0.0902161914864032
Cytoplasm_RadialDistribution_ZernikeMagnitude_RFP_1_1,0.10797500361905794
Cytoplasm_RadialDistribution_ZernikeMagnitude_RFP_2_0,0.5767568698852571
Cytoplasm_RadialDistribution_ZernikeMagnitude_RFP_3_1,-0.14879343029008446
Cytoplasm_RadialDistribution_ZernikeMagnitude_RFP_4_0,0.0494698667135457
Cytoplasm_RadialDistribution_ZernikeMagnitude_RFP_4_2,-0.11660841595008573
Cytoplasm_RadialDistribution_ZernikeMagnitude_RFP_5_1,0.0786529974832948
Cytoplasm_RadialDistribution_ZernikeMagnitude_RFP_5_3,0.15099776972105736
Cytoplasm_RadialDistribution_ZernikeMagnitude_RFP_6_0,0.02054423014523144
Cytoplasm_RadialDistribution_ZernikeMagnitude_RFP_6_2,-0.1263568175886338
Cytoplasm_RadialDistribution_ZernikeMagnitude_RFP_7_1,0.0012933893863943998
Cytoplasm_RadialDistribution_ZernikeMagnitude_RFP_7_3,-0.03834112110048467
Cytoplasm_RadialDistribution_ZernikeMagnitude_RFP_8_0,-0.05149952262830411
Cytoplasm_RadialDistribution_ZernikeMagnitude_RFP_8_2,0.0005790189666910827
Cytoplasm_RadialDistribution_ZernikeMagnitude_RFP_8_4,-0.023258957774751593
Cytoplasm_RadialDistribution_ZernikeMagnitude_RFP_9_1,-0.25377698220979705
Cytoplasm_RadialDistribution_ZernikeMagnitude_RFP_9_3,-0.07134785860492422
Cytoplasm_RadialDistribution_ZernikePhase_CY5_1_1,0.06647704668334324
Cytoplasm_RadialDistribution_ZernikePhase_CY5_3_1,0.021010882244948615
Cytoplasm_RadialDistribution_ZernikePhase_CY5_3_3,0.10831150780954524
Cytoplasm_RadialDistribution_ZernikePhase_CY5_4_2,-0.0006684954083473659
Cytoplasm_RadialDistribution_ZernikePhase_CY5_5_1,-0.014015523517530255
Cytoplasm_RadialDistribution_ZernikePhase_CY5_5_3,0.0006255460353480238
Cytoplasm_RadialDistribution_ZernikePhase_CY5_5_5,-0.014820402283290542
Cytoplasm_RadialDistribution_ZernikePhase_CY5_6_2,0.07855792261585243
Cytoplasm_RadialDistribution_ZernikePhase_CY5_6_4,-0.016306258658110907
Cytoplasm_RadialDistribution_ZernikePhase_CY5_7_1,0.007938787627372825
Cytoplasm_RadialDistribution_ZernikePhase_CY5_7_3,-0.03928673918461308
Cytoplasm_RadialDistribution_ZernikePhase_CY5_7_5,0.009831068961835056
Cytoplasm_RadialDistribution_ZernikePhase_CY5_8_2,-0.05122713397526261
Cytoplasm_RadialDistribution_ZernikePhase_CY5_8_4,-0.00197681482868334
Cytoplasm_RadialDistribution_ZernikePhase_CY5_8_8,-0.009968865120315909
Cytoplasm_RadialDistribution_ZernikePhase_CY5_9_1,0.0753733667429592
Cytoplasm_RadialDistribution_ZernikePhase_CY5_9_3,-0.028981936794357076
Cytoplasm_RadialDistribution_ZernikePhase_CY5_9_5,-0.044570925141252875
Cytoplasm_RadialDistribution_ZernikePhase_CY5_9_7,0.02852868295343749
Cytoplasm_RadialDistribution_ZernikePhase_DAPI_1_1,0.036542438727189014
Cytoplasm_RadialDistribution_ZernikePhase_DAPI_2_2,0.035808517015127994
Cytoplasm_RadialDistribution_ZernikePhase_DAPI_3_1,0.01450209152048705
Cytoplasm_RadialDistribution_ZernikePhase_DAPI_3_3,0.012919971468541808
Cytoplasm_RadialDistribution_ZernikePhase_DAPI_4_2,-0.005052531328611304
Cytoplasm_RadialDistribution_ZernikePhase_DAPI_4_4,0.04521619147095851
Cytoplasm_RadialDistribution_ZernikePhase_DAPI_5_1,-0.008866989936600806
Cytoplasm_RadialDistribution_ZernikePhase_DAPI_5_3,-0.01716199304406078
Cytoplasm_RadialDistribution_ZernikePhase_DAPI_5_5,-0.0026711479916228307
Cytoplasm_RadialDistribution_ZernikePhase_DAPI_6_2,-0.01573943823941885
Cytoplasm_RadialDistribution_ZernikePhase_DAPI_6_4,-0.02662435555786494
Cytoplasm_RadialDistribution_ZernikePhase_DAPI_6_6,-0.01606515059058825
Cytoplasm_RadialDistribution_ZernikePhase_DAPI_7_1,-0.018683701697198147
Cytoplasm_RadialDistribution_ZernikePhase_DAPI_7_3,-0.018790715830428364
Cytoplasm_RadialDistribution_ZernikePhase_DAPI_7_5,-0.01966910055134914
Cytoplasm_RadialDistribution_ZernikePhase_DAPI_7_7,0.06703227230253718
Cytoplasm_RadialDistribution_ZernikePhase_DAPI_8_2,0.017931260734345103
Cytoplasm_RadialDistribution_ZernikePhase_DAPI_8_4,-0.05324769134129459
Cytoplasm_RadialDistribution_ZernikePhase_DAPI_8_6,0.012366794652069028
Cytoplasm_RadialDistribution_ZernikePhase_DAPI_8_8,0.01763720726315866
Cytoplasm_RadialDistribution_ZernikePhase_DAPI_9_1,0.004833415140408011
Cytoplasm_RadialDistribution_ZernikePhase_DAPI_9_3,0.05392695528383763
Cytoplasm_RadialDistribution_ZernikePhase_DAPI_9_5,-0.028466323486888392
Cytoplasm_RadialDistribution_ZernikePhase_DAPI_9_7,-0.04026304282111465
Cytoplasm_RadialDistribution_ZernikePhase_DAPI_9_9,-0.054024434540794336
Cytoplasm_RadialDistribution_ZernikePhase_GFP_1_1,-0.04461275302163474
Cytoplasm_RadialDistribution_ZernikePhase_GFP_3_1,0.02243550842553635
Cytoplasm_RadialDistribution_ZernikePhase_GFP_4_2,0.01884033521353085
Cytoplasm_RadialDistribution_ZernikePhase_GFP_5_1,0.011640158507691182
Cytoplasm_RadialDistribution_ZernikePhase_GFP_5_3,-0.051015750475250386
Cytoplasm_RadialDistribution_ZernikePhase_GFP_6_2,-0.058229504500155155
Cytoplasm_RadialDistribution_ZernikePhase_GFP_6_4,0.03825341251020393
Cytoplasm_RadialDistribution_ZernikePhase_GFP_7_1,0.055550255809578133
Cytoplasm_RadialDistribution_ZernikePhase_GFP_7_3,0.054901707010030484
Cytoplasm_RadialDistribution_ZernikePhase_GFP_7_5,-0.053973721413330254
Cytoplasm_RadialDistribution_ZernikePhase_GFP_8_2,-0.001956098184691761
Cytoplasm_RadialDistribution_ZernikePhase_GFP_8_4,0.004096070058011643
Cytoplasm_RadialDistribution_ZernikePhase_GFP_9_1,-0.05991888084181562
Cytoplasm_RadialDistribution_ZernikePhase_GFP_9_3,0.048111493147040996
Cytoplasm_RadialDistribution_ZernikePhase_GFP_9_5,-0.02745702791375983
Cytoplasm_RadialDistribution_ZernikePhase_RFP_1_1,0.007154415901716007
Cytoplasm_RadialDistribution_ZernikePhase_RFP_3_1,0.0031099011263691864
Cytoplasm_RadialDistribution_ZernikePhase_RFP_4_2,0.026845196425452106
Cytoplasm_RadialDistribution_ZernikePhase_RFP_5_1,0.032338536368209256
Cytoplasm_RadialDistribution_ZernikePhase_RFP_5_3,-0.04309445835586678
Cytoplasm_RadialDistribution_ZernikePhase_RFP_6_2,0.019582158661386673
Cytoplasm_RadialDistribution_ZernikePhase_RFP_6_4,0.014648946488900246
Cytoplasm_RadialDistribution_ZernikePhase_RFP_7_1,0.009015007098425518
Cytoplasm_RadialDistribution_ZernikePhase_RFP_7_3,-0.019599777513872353
Cytoplasm_RadialDistribution_ZernikePhase_RFP_8_2,-0.03603472427044843
Cytoplasm_RadialDistribution_ZernikePhase_RFP_8_4,0.044471151789870655
Cytoplasm_RadialDistribution_ZernikePhase_RFP_9_1,0.01903941855906905
Cytoplasm_RadialDistribution_ZernikePhase_RFP_9_3,-0.052042463628977284
Cytoplasm_RadialDistribution_ZernikePhase_RFP_9_5,0.04139560005924194
Cytoplasm_Texture_Contrast_DAPI_3_01_256,-0.23069238086999266
Cytoplasm_Texture_Contrast_DAPI_3_03_256,-0.17643821124934075
Cytoplasm_Texture_Contrast_GFP_3_00_256,0.14149252500190723
Cytoplasm_Texture_Contrast_GFP_3_01_256,-0.19998441380192541
Cytoplasm_Texture_Contrast_GFP_3_02_256,0.3459547021035641
Cytoplasm_Texture_Contrast_GFP_3_03_256,-0.2119464530161203
Cytoplasm_Texture_Correlation_DAPI_3_00_256,-0.02685602951992412
Cytoplasm_Texture_Correlation_DAPI_3_01_256,-0.4037644214163905
Cytoplasm_Texture_Correlation_DAPI_3_02_256,0.004246971043713665
Cytoplasm_Texture_Correlation_DAPI_3_03_256,-0.36055342771645205
Cytoplasm_Texture_Correlation_GFP_3_00_256,-0.08176750019396117
Cytoplasm_Texture_Correlation_GFP_3_02_256,0.20968639268512218
Cytoplasm_Texture_Correlation_GFP_3_03_256,-0.0031995253617389608
Cytoplasm_Texture_InfoMeas1_DAPI_3_00_256,-0.4312952588038554
Cytoplasm_Texture_InfoMeas1_DAPI_3_01_256,0.40713335911612186
Cytoplasm_Texture_InfoMeas1_DAPI_3_02_256,-0.6477518796000458
Cytoplasm_Texture_InfoMeas1_DAPI_3_03_256,0.4201482645037095
Cytoplasm_Texture_InfoMeas1_GFP_3_00_256,0.5110839678363148
Cytoplasm_Texture_InfoMeas1_GFP_3_01_256,-0.31004091795339184
Cytoplasm_Texture_InfoMeas1_GFP_3_02_256,0.08382989147012396
Cytoplasm_Texture_InfoMeas1_GFP_3_03_256,0.018442709929183364
Cytoplasm_Texture_InfoMeas2_DAPI_3_03_256,-0.7104487695212046
Cytoplasm_Texture_SumVariance_GFP_3_03_256,0.31628725053951295
Cells_AreaShape_MedianRadius,0.33035258573625775
Cells_AreaShape_Zernike_1_1,-0.1312059172381247
Cells_AreaShape_Zernike_3_1,0.09228737608546564
Cells_AreaShape_Zernike_4_0,-0.09111287984691155
Cells_AreaShape_Zernike_4_2,0.03460743094125978
Cells_AreaShape_Zernike_5_1,-0.0049091967492139055
Cells_AreaShape_Zernike_5_3,0.05019097919586855
Cells_AreaShape_Zernike_6_0,-0.03310365702481861
Cells_AreaShape_Zernike_6_2,-0.0657947419676046
Cells_AreaShape_Zernike_7_1,-0.017100962793618682
Cells_AreaShape_Zernike_7_3,-0.04851655055190824
Cells_AreaShape_Zernike_7_5,-0.024986598449758535
Cells_AreaShape_Zernike_8_0,-0.03657525214587456
Cells_AreaShape_Zernike_8_2,0.027903883234607223
Cells_AreaShape_Zernike_8_4,-0.045163464218718676
Cells_AreaShape_Zernike_8_6,-0.03167608060906583
Cells_AreaShape_Zernike_9_1,-0.08934837748884888
Cells_AreaShape_Zernike_9_3,0.03176794960375606
Cells_AreaShape_Zernike_9_5,0.009887834099307727
Cells_Correlation_Correlation_CY5_DAPI,-0.5666892584316283
Cells_Correlation_Correlation_DAPI_GFP,1.2567854002699737
Cells_Correlation_Correlation_DAPI_RFP,-0.3029158204339329
Cells_Correlation_K_DAPI_GFP,-0.46662879502784416
Cells_Correlation_K_DAPI_RFP,-0.20539982765473805
Cells_Correlation_K_GFP_DAPI,-0.16835516434249706
Cells_Correlation_Manders_CY5_DAPI,-0.043742039581572814
Cells_Correlation_Overlap_DAPI_GFP,0.20787555495316348
Cells_Correlation_Overlap_DAPI_RFP,-0.1275610315657636
Cells_Correlation_RWC_DAPI_CY5,0.2222244028782071
Cells_Correlation_RWC_DAPI_GFP,-0.27742397986184314
Cells_Correlation_RWC_DAPI_RFP,-0.35126226293156365
Cells_Correlation_RWC_GFP_DAPI,-0.12302294909852654
Cells_Correlation_RWC_RFP_DAPI,0.44813334271726707
Cells_Granularity_1_DAPI,0.6075978659341239
Cells_Intensity_IntegratedIntensityEdge_CY5,0.43130537765612237
Cells_Intensity_IntegratedIntensityEdge_DAPI,0.763670491995977
Cells_Intensity_MADIntensity_DAPI,-0.14980742333383965
Cells_Intensity_MassDisplacement_RFP,0.0040463516110523885
Cells_Intensity_MaxIntensityEdge_CY5,-0.03483527841636806
Cells_Intensity_MaxIntensityEdge_DAPI,-0.10347280722302764
Cells_Intensity_MaxIntensityEdge_GFP,0.13459309245416642
Cells_Intensity_MaxIntensityEdge_RFP,-0.28358329269805244
Cells_Intensity_MaxIntensity_CY5,0.0959281190353146
Cells_Intensity_MeanIntensityEdge_CY5,0.5220839044475953
Cells_Intensity_MeanIntensityEdge_DAPI,-0.41357819907312904
Cells_Intensity_MeanIntensityEdge_GFP,0.045397287818260086
Cells_Intensity_MeanIntensityEdge_RFP,-0.22992583997219337
Cells_Intensity_StdIntensityEdge_CY5,-0.39734109020782143
Cells_Intensity_StdIntensityEdge_RFP,0.4710367807076383
Cells_Intensity_UpperQuartileIntensity_DAPI,-0.1797958766166382
Cells_Neighbors_FirstClosestDistance_Adjacent,-0.04282604247583267
Cells_RadialDistribution_FracAtD_DAPI_3of4,-0.023240444426374185
Cells_RadialDistribution_FracAtD_GFP_1of4,0.2571370441434521
Cells_RadialDistribution_FracAtD_RFP_1of4,-0.18454297191410615
Cells_RadialDistribution_FracAtD_RFP_3of4,0.06080237079988861
Cells_RadialDistribution_FracAtD_RFP_4of4,0.019337929989404975
Cells_RadialDistribution_MeanFrac_CY5_1of4,-0.014177224574408412
Cells_RadialDistribution_MeanFrac_CY5_3of4,-0.13807783265326692
Cells_RadialDistribution_MeanFrac_DAPI_1of4,-0.1935006905326986
Cells_RadialDistribution_MeanFrac_DAPI_3of4,-0.13569326740558665
Cells_RadialDistribution_MeanFrac_DAPI_4of4,-0.29456261722906524
Cells_RadialDistribution_MeanFrac_GFP_1of4,-0.26096890117600646
Cells_RadialDistribution_MeanFrac_GFP_2of4,0.09219954076310843
Cells_RadialDistribution_MeanFrac_GFP_3of4,0.05120353716797367
Cells_RadialDistribution_MeanFrac_RFP_1of4,0.11663006351298472
Cells_RadialDistribution_MeanFrac_RFP_2of4,-0.07032467064605681
Cells_RadialDistribution_MeanFrac_RFP_3of4,0.06186863281896353
Cells_RadialDistribution_MeanFrac_RFP_4of4,0.04331171139509027
Cells_RadialDistribution_RadialCV_CY5_1of4,-0.02690149350333002
Cells_RadialDistribution_RadialCV_CY5_2of4,0.03801573999936356
Cells_RadialDistribution_RadialCV_CY5_3of4,-0.2552733544561213
Cells_RadialDistribution_RadialCV_CY5_4of4,0.08572117791286325
Cells_RadialDistribution_RadialCV_DAPI_1of4,0.0081516334378644
Cells_RadialDistribution_RadialCV_DAPI_2of4,-0.045402846076556744
Cells_RadialDistribution_RadialCV_DAPI_3of4,0.08544806969152725
Cells_RadialDistribution_RadialCV_DAPI_4of4,0.014253893091346543
Cells_RadialDistribution_RadialCV_GFP_1of4,0.0022729901108647435
Cells_RadialDistribution_RadialCV_GFP_2of4,-0.031428727740872825
Cells_RadialDistribution_RadialCV_GFP_3of4,0.07597972392597803
Cells_RadialDistribution_RadialCV_GFP_4of4,-0.01650793320995233
Cells_RadialDistribution_RadialCV_RFP_1of4,0.05205695826500294
Cells_RadialDistribution_RadialCV_RFP_2of4,0.004486247032897238
Cells_RadialDistribution_RadialCV_RFP_3of4,0.10197538053865005
Cells_RadialDistribution_RadialCV_RFP_4of4,-0.16651209225470393
Cells_RadialDistribution_ZernikeMagnitude_CY5_4_0,0.3322914338651552
Cells_RadialDistribution_ZernikeMagnitude_CY5_5_1,0.019562270421148758
Cells_RadialDistribution_ZernikeMagnitude_CY5_6_0,0.09823448360110942
Cells_RadialDistribution_ZernikeMagnitude_CY5_6_2,0.06670458896287396
Cells_RadialDistribution_ZernikeMagnitude_CY5_7_1,0.0901686949890495
Cells_RadialDistribution_ZernikeMagnitude_CY5_7_3,0.2728064510458962
Cells_RadialDistribution_ZernikeMagnitude_CY5_8_0,-0.10666141630568461
Cells_RadialDistribution_ZernikeMagnitude_CY5_8_2,-0.014188182528797583
Cells_RadialDistribution_ZernikeMagnitude_CY5_8_4,0.04342042963979508
Cells_RadialDistribution_ZernikeMagnitude_CY5_9_1,-0.08151244451752651
Cells_RadialDistribution_ZernikeMagnitude_CY5_9_3,-0.1728828617342278
Cells_RadialDistribution_ZernikeMagnitude_CY5_9_5,-0.0714615047280996
Cells_RadialDistribution_ZernikeMagnitude_CY5_9_9,-0.025053129590797623
Cells_RadialDistribution_ZernikeMagnitude_DAPI_2_0,-0.169467667682508
Cells_RadialDistribution_ZernikeMagnitude_DAPI_3_1,-0.13311585534170736
Cells_RadialDistribution_ZernikeMagnitude_DAPI_4_0,0.25054021075434857
Cells_RadialDistribution_ZernikeMagnitude_DAPI_5_1,0.12065941762372184
Cells_RadialDistribution_ZernikeMagnitude_DAPI_6_0,0.03405556268558131
Cells_RadialDistribution_ZernikeMagnitude_DAPI_6_2,0.27563150281703563
Cells_RadialDistribution_ZernikeMagnitude_DAPI_7_1,-0.02331003339342419
Cells_RadialDistribution_ZernikeMagnitude_DAPI_8_0,-0.030902574954767704
Cells_RadialDistribution_ZernikeMagnitude_DAPI_8_2,-0.062409535678044414
Cells_RadialDistribution_ZernikeMagnitude_DAPI_9_1,-0.08612501944042814
Cells_RadialDistribution_ZernikeMagnitude_DAPI_9_3,-0.055911304358510196
Cells_RadialDistribution_ZernikeMagnitude_DAPI_9_9,-0.061135651219258236
Cells_RadialDistribution_ZernikeMagnitude_GFP_5_1,-0.17033126526814893
Cells_RadialDistribution_ZernikeMagnitude_GFP_6_0,-0.14203714202530004
Cells_RadialDistribution_ZernikeMagnitude_GFP_6_2,-0.16811033128186706
Cells_RadialDistribution_ZernikeMagnitude_GFP_7_1,-0.04509683318245898
Cells_RadialDistribution_ZernikeMagnitude_GFP_8_0,0.04596277232239511
Cells_RadialDistribution_ZernikeMagnitude_GFP_8_2,0.1127472026245567
Cells_RadialDistribution_ZernikeMagnitude_GFP_8_4,-0.15451839082485558
Cells_RadialDistribution_ZernikeMagnitude_GFP_9_1,-0.0907622190908746
Cells_RadialDistribution_ZernikeMagnitude_GFP_9_3,0.0006793625334021667
Cells_RadialDistribution_ZernikeMagnitude_RFP_4_0,-0.19919267783623945
Cells_RadialDistribution_ZernikeMagnitude_RFP_5_1,-0.03720621198806907
Cells_RadialDistribution_ZernikeMagnitude_RFP_6_0,0.11283855486562805
Cells_RadialDistribution_ZernikeMagnitude_RFP_6_2,0.20336454079186178
Cells_RadialDistribution_ZernikeMagnitude_RFP_7_1,0.01616950946981997
Cells_RadialDistribution_ZernikeMagnitude_RFP_7_3,0.007628110295682987
Cells_RadialDistribution_ZernikeMagnitude_RFP_8_0,0.018834437050580407
Cells_RadialDistribution_ZernikeMagnitude_RFP_8_2,-0.050053721931042676
Cells_RadialDistribution_ZernikeMagnitude_RFP_9_1,0.14587252963301026
Cells_RadialDistribution_ZernikeMagnitude_RFP_9_3,0.09844240178098448
Cells_RadialDistribution_ZernikePhase_CY5_1_1,-0.04293797469470314
Cells_RadialDistribution_ZernikePhase_CY5_2_2,-0.04151775381752995
Cells_RadialDistribution_ZernikePhase_CY5_3_1,0.056813173190954414
Cells_RadialDistribution_ZernikePhase_CY5_3_3,-0.13460985687882326
Cells_RadialDistribution_ZernikePhase_CY5_4_2,-0.04854455963711938
Cells_RadialDistribution_ZernikePhase_CY5_4_4,-0.06175724444615683
Cells_RadialDistribution_ZernikePhase_CY5_5_1,0.022311165311764018
Cells_RadialDistribution_ZernikePhase_CY5_5_3,0.004323501260074034
Cells_RadialDistribution_ZernikePhase_CY5_6_2,-0.011755749125650968
Cells_RadialDistribution_ZernikePhase_CY5_6_4,-0.016823374442675454
Cells_RadialDistribution_ZernikePhase_CY5_6_6,0.032126977542040476
Cells_RadialDistribution_ZernikePhase_CY5_7_1,-0.06359914273846921
Cells_RadialDistribution_ZernikePhase_CY5_7_3,0.04943352494945042
Cells_RadialDistribution_ZernikePhase_CY5_7_5,0.04421888215565697
Cells_RadialDistribution_ZernikePhase_CY5_8_2,0.027016897886297964
Cells_RadialDistribution_ZernikePhase_CY5_8_4,-0.001972838713214295
Cells_RadialDistribution_ZernikePhase_CY5_9_1,0.00502036334039988
Cells_RadialDistribution_ZernikePhase_CY5_9_3,0.020049052486195942
Cells_RadialDistribution_ZernikePhase_CY5_9_5,0.03432748309334914
Cells_RadialDistribution_ZernikePhase_DAPI_1_1,-0.040767733257825595
Cells_RadialDistribution_ZernikePhase_DAPI_2_2,-0.021831984837456398
Cells_RadialDistribution_ZernikePhase_DAPI_3_1,-0.006102795661122712
Cells_RadialDistribution_ZernikePhase_DAPI_3_3,0.003102235318704693
Cells_RadialDistribution_ZernikePhase_DAPI_4_2,0.007104085466170076
Cells_RadialDistribution_ZernikePhase_DAPI_4_4,0.01414800255729157
Cells_RadialDistribution_ZernikePhase_DAPI_5_3,-0.07405190417497394
Cells_RadialDistribution_ZernikePhase_DAPI_5_5,-0.059963972652792435
Cells_RadialDistribution_ZernikePhase_DAPI_6_2,0.0628020014804859
Cells_RadialDistribution_ZernikePhase_DAPI_6_4,0.03928243229075817
Cells_RadialDistribution_ZernikePhase_DAPI_6_6,-0.022890799385567512
Cells_RadialDistribution_ZernikePhase_DAPI_7_1,0.0016556276469069009
Cells_RadialDistribution_ZernikePhase_DAPI_7_3,-0.03755949877347258
Cells_RadialDistribution_ZernikePhase_DAPI_7_5,0.013825957495534379
Cells_RadialDistribution_ZernikePhase_DAPI_7_7,-0.04760195202397682
Cells_RadialDistribution_ZernikePhase_DAPI_8_2,0.004318068590557773
Cells_RadialDistribution_ZernikePhase_DAPI_8_4,0.005700926704209515
Cells_RadialDistribution_ZernikePhase_DAPI_8_6,-0.010565152240350099
Cells_RadialDistribution_ZernikePhase_DAPI_8_8,0.012632579776471076
Cells_RadialDistribution_ZernikePhase_DAPI_9_1,0.01812848523887132
Cells_RadialDistribution_ZernikePhase_DAPI_9_3,0.03229077954578962
Cells_RadialDistribution_ZernikePhase_DAPI_9_5,0.07656636612494015
Cells_RadialDistribution_ZernikePhase_DAPI_9_7,0.01602538945016151
Cells_RadialDistribution_ZernikePhase_DAPI_9_9,0.05222714359456207
Cells_RadialDistribution_ZernikePhase_GFP_1_1,0.009834530037131748
Cells_RadialDistribution_ZernikePhase_GFP_3_1,-0.08226631103624847
Cells_RadialDistribution_ZernikePhase_GFP_3_3,0.04956309511885427
Cells_RadialDistribution_ZernikePhase_GFP_4_2,-0.04985416893757362
Cells_RadialDistribution_ZernikePhase_GFP_4_4,-0.01739436152258249
Cells_RadialDistribution_ZernikePhase_GFP_5_1,0.03652034500318638
Cells_RadialDistribution_ZernikePhase_GFP_5_3,0.04905449949486662
Cells_RadialDistribution_ZernikePhase_GFP_6_2,0.020411568079141084
Cells_RadialDistribution_ZernikePhase_GFP_7_1,-0.03705678703136
Cells_RadialDistribution_ZernikePhase_GFP_7_3,-0.060589410059917796
Cells_RadialDistribution_ZernikePhase_GFP_8_2,0.033953286056440726
Cells_RadialDistribution_ZernikePhase_GFP_8_4,0.03173414007362374
Cells_RadialDistribution_ZernikePhase_GFP_9_1,0.008220528297707367
Cells_RadialDistribution_ZernikePhase_GFP_9_3,-0.03831225187208122
Cells_RadialDistribution_ZernikePhase_GFP_9_5,0.05935555341525839
Cells_RadialDistribution_ZernikePhase_RFP_1_1,-0.03428096791524432
Cells_RadialDistribution_ZernikePhase_RFP_3_1,-0.016125494355371583
Cells_RadialDistribution_ZernikePhase_RFP_4_2,-0.025337380771629555
Cells_RadialDistribution_ZernikePhase_RFP_5_1,-0.04159151313337142
Cells_RadialDistribution_ZernikePhase_RFP_5_3,0.0738574267961048
Cells_RadialDistribution_ZernikePhase_RFP_6_2,0.01529756371016357
Cells_RadialDistribution_ZernikePhase_RFP_7_1,0.045764013025646304
Cells_RadialDistribution_ZernikePhase_RFP_7_3,0.01370374302435264
Cells_RadialDistribution_ZernikePhase_RFP_7_5,0.024681250103320153
Cells_RadialDistribution_ZernikePhase_RFP_8_2,0.026427310171539025
Cells_RadialDistribution_ZernikePhase_RFP_8_4,-0.013497140354739257
Cells_RadialDistribution_ZernikePhase_RFP_9_1,-0.002569975392813211
Cells_RadialDistribution_ZernikePhase_RFP_9_3,0.014357923850193618
Cells_RadialDistribution_ZernikePhase_RFP_9_5,-0.001958020330075962
Cells_Texture_Contrast_DAPI_3_00_256,-0.016029986178728448
Cells_Texture_Contrast_DAPI_3_01_256,0.056589602383491776
Cells_Texture_Contrast_DAPI_3_02_256,0.10511334989268019
Cells_Texture_Contrast_DAPI_3_03_256,-0.02539975264195011
Cells_Texture_Correlation_DAPI_3_00_256,0.32647143811161716
Cells_Texture_Correlation_DAPI_3_01_256,-0.526895484621104
Cells_Texture_Correlation_DAPI_3_02_256,0.5428130750357316
Cells_Texture_Correlation_DAPI_3_03_256,-0.5755283526159333
Cells_Texture_InfoMeas1_CY5_3_00_256,-0.04361107419310212
Cells_Texture_InfoMeas1_CY5_3_01_256,0.07411343389725497
Cells_Texture_InfoMeas1_CY5_3_03_256,0.2886935139310005
Cells_Texture_InfoMeas1_DAPI_3_01_256,0.13331249800923473
Cells_Texture_InfoMeas1_DAPI_3_03_256,-0.4524472418815517
Cells_Texture_InfoMeas1_GFP_3_00_256,-0.20843180303055958
Cells_Texture_InfoMeas1_GFP_3_01_256,-0.0031178081760575163
Cells_Texture_InfoMeas1_GFP_3_02_256,0.3118535704150101
Cells_Texture_InfoMeas1_GFP_3_03_256,-0.3093981418731823
Cells_Texture_InfoMeas1_RFP_3_00_256,-0.06108019440726464
Cells_Texture_InfoMeas1_RFP_3_01_256,0.26150720438358505
Cells_Texture_InfoMeas1_RFP_3_02_256,-0.12139994866351993
Cells_Texture_InfoMeas1_RFP_3_03_256,-0.11090904095944008
Cells_Texture_InfoMeas2_GFP_3_00_256,0.24768276666239888
Cells_Texture_InfoMeas2_RFP_3_00_256,0.15348137353918928
Cells_Texture_InfoMeas2_RFP_3_01_256,-0.07662319284193245
Cells_Texture_InfoMeas2_RFP_3_02_256,0.06606431751164622
Cells_Texture_InfoMeas2_RFP_3_03_256,-0.3031055455931937
Cells_Texture_SumAverage_DAPI_3_00_256,0.2182547842648744
Nuclei_AreaShape_Eccentricity,-0.4508984529273937
Nuclei_AreaShape_Extent,-0.05024571618935197
Nuclei_AreaShape_FormFactor,-0.380526067775336
Nuclei_AreaShape_MajorAxisLength,0.49340683544937947
Nuclei_AreaShape_Orientation,0.01563763181875892
Nuclei_AreaShape_Solidity,-0.10719878437181801
Nuclei_AreaShape_Zernike_0_0,0.5751325015592798
Nuclei_AreaShape_Zernike_1_1,0.1570771875618734
Nuclei_AreaShape_Zernike_2_0,-0.294931819898214
Nuclei_AreaShape_Zernike_2_2,0.343610302382208
Nuclei_AreaShape_Zernike_3_1,-0.04948891676136025
Nuclei_AreaShape_Zernike_3_3,-0.11377557109184298
Nuclei_AreaShape_Zernike_4_0,0.12048193769103431
Nuclei_AreaShape_Zernike_4_2,-0.033339400839256114
Nuclei_AreaShape_Zernike_4_4,0.0279779606645831
Nuclei_AreaShape_Zernike_5_1,-0.02216329443086247
Nuclei_AreaShape_Zernike_5_3,0.06614498748319333
Nuclei_AreaShape_Zernike_5_5,0.1292835477420381
Nuclei_AreaShape_Zernike_6_0,0.05987467403739189
Nuclei_AreaShape_Zernike_6_2,0.1284572061833151
Nuclei_AreaShape_Zernike_6_4,-0.013023333102163704
Nuclei_AreaShape_Zernike_6_6,0.09108336050662312
Nuclei_AreaShape_Zernike_7_1,0.0019528387735166458
Nuclei_AreaShape_Zernike_7_3,0.07033159127597943
Nuclei_AreaShape_Zernike_7_5,0.0337269150419606
Nuclei_AreaShape_Zernike_7_7,0.0062590172777810945
Nuclei_AreaShape_Zernike_8_0,0.1260704859843375
Nuclei_AreaShape_Zernike_8_2,0.016630704962919688
Nuclei_AreaShape_Zernike_8_4,0.12158476013339296
Nuclei_AreaShape_Zernike_8_6,0.09489574633467518
Nuclei_AreaShape_Zernike_8_8,0.10782185814088176
Nuclei_AreaShape_Zernike_9_1,0.03513757514936889
Nuclei_AreaShape_Zernike_9_3,0.02265966230620799
Nuclei_AreaShape_Zernike_9_5,0.06971940717580523
Nuclei_AreaShape_Zernike_9_7,-0.06540427622190476
Nuclei_AreaShape_Zernike_9_9,0.08771883584531562
Nuclei_Correlation_Correlation_CY5_DAPI,-0.36091142746423893
Nuclei_Correlation_Correlation_CY5_GFP,0.11214798860945707
Nuclei_Correlation_Correlation_CY5_RFP,0.056176047573972016
Nuclei_Correlation_Correlation_DAPI_GFP,-0.29874237183269536
Nuclei_Correlation_Correlation_DAPI_RFP,-0.025765182494260075
Nuclei_Correlation_Correlation_GFP_RFP,0.0798946171026015
Nuclei_Correlation_K_GFP_DAPI,0.3279606019733275
Nuclei_Correlation_K_GFP_RFP,0.014393012073509627
Nuclei_Correlation_Overlap_CY5_DAPI,0.24855792905322502
Nuclei_Correlation_Overlap_CY5_GFP,0.07655656908028734
Nuclei_Correlation_Overlap_CY5_RFP,-0.039447010967848105
Nuclei_Correlation_Overlap_DAPI_GFP,0.154450481946812
Nuclei_Correlation_Overlap_DAPI_RFP,0.06559386437076242
Nuclei_Correlation_Overlap_GFP_RFP,-0.12722830431513887
Nuclei_Correlation_RWC_CY5_DAPI,0.146687214411048
Nuclei_Correlation_RWC_CY5_GFP,-0.2260601442809488
Nuclei_Correlation_RWC_CY5_RFP,-0.18093070304444747
Nuclei_Correlation_RWC_DAPI_CY5,-0.3969181891834746
Nuclei_Correlation_RWC_DAPI_GFP,0.3220811989182028
Nuclei_Correlation_RWC_DAPI_RFP,0.29785677444185815
Nuclei_Correlation_RWC_GFP_CY5,-0.2375486666134486
Nuclei_Correlation_RWC_GFP_DAPI,0.13242269304189092
Nuclei_Correlation_RWC_GFP_RFP,-0.001951690706609144
Nuclei_Correlation_RWC_RFP_CY5,0.39234091946631805
Nuclei_Correlation_RWC_RFP_DAPI,-0.08322970591031933
Nuclei_Correlation_RWC_RFP_GFP,-0.276193737851969
Nuclei_Granularity_1_CY5,-0.04922885541839036
Nuclei_Granularity_1_DAPI,-0.15207979370647912
Nuclei_Granularity_1_GFP,0.09072481391199495
Nuclei_Granularity_1_RFP,0.05047765042745906
Nuclei_Intensity_IntegratedIntensity_CY5,-0.13401330068525683
Nuclei_Intensity_IntegratedIntensity_GFP,-0.21761152307716772
Nuclei_Intensity_IntegratedIntensity_RFP,0.6955634201491337
Nuclei_Intensity_LowerQuartileIntensity_GFP,-0.34779990712799136
Nuclei_Intensity_MADIntensity_CY5,0.004805973671944175
Nuclei_Intensity_MADIntensity_GFP,-0.7811102271550002
Nuclei_Intensity_MADIntensity_RFP,0.2993664189435368
Nuclei_Intensity_MassDisplacement_CY5,-0.0502651442561832
Nuclei_Intensity_MassDisplacement_DAPI,0.009293492473000799
Nuclei_Intensity_MassDisplacement_GFP,0.08535332564967095
Nuclei_Intensity_MassDisplacement_RFP,-0.04632793146583826
Nuclei_Intensity_MaxIntensity_GFP,0.21869121391772806
Nuclei_Intensity_MaxIntensity_RFP,0.09873691752045047
Nuclei_Intensity_MinIntensityEdge_GFP,-0.18672647892983504
Nuclei_Intensity_MinIntensity_GFP,0.55609600457561
Nuclei_Intensity_StdIntensityEdge_DAPI,0.12773208231887323
Nuclei_Intensity_StdIntensityEdge_RFP,-0.1250029388548206
Nuclei_RadialDistribution_FracAtD_CY5_1of4,-0.07977144610625844
Nuclei_RadialDistribution_FracAtD_CY5_2of4,0.15339323324378606
Nuclei_RadialDistribution_FracAtD_CY5_3of4,-0.12571516814858785
Nuclei_RadialDistribution_FracAtD_CY5_4of4,0.015253244314051544
Nuclei_RadialDistribution_FracAtD_DAPI_1of4,-0.06696058783554597
Nuclei_RadialDistribution_FracAtD_DAPI_3of4,0.1512645858189691
Nuclei_RadialDistribution_FracAtD_DAPI_4of4,0.5871815222258928
Nuclei_RadialDistribution_FracAtD_GFP_1of4,-0.16468453212039816
Nuclei_RadialDistribution_FracAtD_GFP_2of4,-0.22494508546131925
Nuclei_RadialDistribution_FracAtD_GFP_3of4,0.2860748098495447
Nuclei_RadialDistribution_FracAtD_GFP_4of4,0.07870090211520557
Nuclei_RadialDistribution_FracAtD_RFP_1of4,0.2680479538010342
Nuclei_RadialDistribution_FracAtD_RFP_2of4,0.377220716825849
Nuclei_RadialDistribution_FracAtD_RFP_4of4,-0.3677541486450866
Nuclei_RadialDistribution_MeanFrac_CY5_1of4,-0.023564863822840967
Nuclei_RadialDistribution_MeanFrac_CY5_2of4,0.016652532957849395
Nuclei_RadialDistribution_MeanFrac_CY5_3of4,-0.06820561629730044
Nuclei_RadialDistribution_MeanFrac_CY5_4of4,-0.010548218414926975
Nuclei_RadialDistribution_MeanFrac_DAPI_1of4,-0.009932271406742544
Nuclei_RadialDistribution_MeanFrac_DAPI_2of4,0.08783496468802017
Nuclei_RadialDistribution_MeanFrac_DAPI_3of4,0.08021825791815476
Nuclei_RadialDistribution_MeanFrac_DAPI_4of4,-0.07696799424995841
Nuclei_RadialDistribution_MeanFrac_GFP_1of4,0.2382685893590561
Nuclei_RadialDistribution_MeanFrac_GFP_2of4,-0.03612338534695371
Nuclei_RadialDistribution_MeanFrac_GFP_4of4,0.18986679163337425
Nuclei_RadialDistribution_MeanFrac_RFP_1of4,-0.18239795536711256
Nuclei_RadialDistribution_MeanFrac_RFP_2of4,-0.22551351501534583
Nuclei_RadialDistribution_MeanFrac_RFP_3of4,0.020869637200877166
Nuclei_RadialDistribution_MeanFrac_RFP_4of4,0.3853283717583783
Nuclei_RadialDistribution_RadialCV_CY5_1of4,0.004886359684747166
Nuclei_RadialDistribution_RadialCV_CY5_2of4,-0.12712346241974123
Nuclei_RadialDistribution_RadialCV_CY5_3of4,0.23218913807813407
Nuclei_RadialDistribution_RadialCV_CY5_4of4,-0.1727647702835723
Nuclei_RadialDistribution_RadialCV_DAPI_1of4,-0.08531041635827111
Nuclei_RadialDistribution_RadialCV_DAPI_2of4,-0.04484657759257045
Nuclei_RadialDistribution_RadialCV_DAPI_3of4,-0.09300797666971158
Nuclei_RadialDistribution_RadialCV_DAPI_4of4,0.0773291663906325
Nuclei_RadialDistribution_RadialCV_GFP_1of4,-0.01562708379833434
Nuclei_RadialDistribution_RadialCV_GFP_2of4,0.13167411760615835
Nuclei_RadialDistribution_RadialCV_GFP_3of4,-0.2572526429616638
Nuclei_RadialDistribution_RadialCV_GFP_4of4,-0.0034568593142600664
Nuclei_RadialDistribution_RadialCV_RFP_1of4,0.05204684869847317
Nuclei_RadialDistribution_RadialCV_RFP_2of4,0.09193739867718584
Nuclei_RadialDistribution_RadialCV_RFP_3of4,0.02492809702338426
Nuclei_RadialDistribution_RadialCV_RFP_4of4,0.24877204601640118
Nuclei_RadialDistribution_ZernikeMagnitude_CY5_1_1,0.19700030265432728
Nuclei_RadialDistribution_ZernikeMagnitude_CY5_2_0,0.5904241168734793
Nuclei_RadialDistribution_ZernikeMagnitude_CY5_3_1,-0.08680587484053547
Nuclei_RadialDistribution_ZernikeMagnitude_CY5_3_3,0.0470852697672966
Nuclei_RadialDistribution_ZernikeMagnitude_CY5_4_0,0.011668174936127694
Nuclei_RadialDistribution_ZernikeMagnitude_CY5_4_2,0.07451551159119763
Nuclei_RadialDistribution_ZernikeMagnitude_CY5_5_1,0.03151329810330348
Nuclei_RadialDistribution_ZernikeMagnitude_CY5_5_3,-0.07375512306534654
Nuclei_RadialDistribution_ZernikeMagnitude_CY5_5_5,-0.058602889232390674
Nuclei_RadialDistribution_ZernikeMagnitude_CY5_6_0,0.08469332955227975
Nuclei_RadialDistribution_ZernikeMagnitude_CY5_6_2,0.11846684533277253
Nuclei_RadialDistribution_ZernikeMagnitude_CY5_6_4,0.12530850615622557
Nuclei_RadialDistribution_ZernikeMagnitude_CY5_7_1,0.11349344149229086
Nuclei_RadialDistribution_ZernikeMagnitude_CY5_7_3,-0.04835937381477321
Nuclei_RadialDistribution_ZernikeMagnitude_CY5_7_5,-0.016608547597294233
Nuclei_RadialDistribution_ZernikeMagnitude_CY5_7_7,0.03321725834079116
Nuclei_RadialDistribution_ZernikeMagnitude_CY5_8_0,0.028806272714006598
Nuclei_RadialDistribution_ZernikeMagnitude_CY5_8_2,-0.03335940935953134
Nuclei_RadialDistribution_ZernikeMagnitude_CY5_8_4,0.11364819983477838
Nuclei_RadialDistribution_ZernikeMagnitude_CY5_8_6,-0.0013967712665269737
Nuclei_RadialDistribution_ZernikeMagnitude_CY5_8_8,-0.2069135953280318
Nuclei_RadialDistribution_ZernikeMagnitude_CY5_9_1,-0.029472695480575253
Nuclei_RadialDistribution_ZernikeMagnitude_CY5_9_3,-0.08812973914719152
Nuclei_RadialDistribution_ZernikeMagnitude_CY5_9_5,0.0040933475289578495
Nuclei_RadialDistribution_ZernikeMagnitude_CY5_9_7,0.012713895888941097
Nuclei_RadialDistribution_ZernikeMagnitude_CY5_9_9,-0.031090545558595358
Nuclei_RadialDistribution_ZernikeMagnitude_DAPI_1_1,-0.1610030307970068
Nuclei_RadialDistribution_ZernikeMagnitude_DAPI_2_0,0.532743337255288
Nuclei_RadialDistribution_ZernikeMagnitude_DAPI_2_2,-0.23488477902362853
Nuclei_RadialDistribution_ZernikeMagnitude_DAPI_3_1,0.1275399675407177
Nuclei_RadialDistribution_ZernikeMagnitude_DAPI_3_3,0.08659022718682491
Nuclei_RadialDistribution_ZernikeMagnitude_DAPI_4_0,-0.09935693619213712
Nuclei_RadialDistribution_ZernikeMagnitude_DAPI_5_1,-0.012037799722029521
Nuclei_RadialDistribution_ZernikeMagnitude_DAPI_5_3,-0.009397262504781305
Nuclei_RadialDistribution_ZernikeMagnitude_DAPI_5_5,-0.13462515670535702
Nuclei_RadialDistribution_ZernikeMagnitude_DAPI_6_0,-0.05141179927374902
Nuclei_RadialDistribution_ZernikeMagnitude_DAPI_6_2,-0.10634810339762883
Nuclei_RadialDistribution_ZernikeMagnitude_DAPI_6_4,-0.004119976590311062
Nuclei_RadialDistribution_ZernikeMagnitude_DAPI_7_1,-0.09687681289239398
Nuclei_RadialDistribution_ZernikeMagnitude_DAPI_7_3,-0.03955066630307664
Nuclei_RadialDistribution_ZernikeMagnitude_DAPI_7_5,0.007800280920713528
Nuclei_RadialDistribution_ZernikeMagnitude_DAPI_7_7,0.02809127442357985
Nuclei_RadialDistribution_ZernikeMagnitude_DAPI_8_0,-0.007751348235635617
Nuclei_RadialDistribution_ZernikeMagnitude_DAPI_8_2,-0.007390898881058243
Nuclei_RadialDistribution_ZernikeMagnitude_DAPI_8_4,-0.14840377567156166
Nuclei_RadialDistribution_ZernikeMagnitude_DAPI_8_6,0.037075473322724706
Nuclei_RadialDistribution_ZernikeMagnitude_DAPI_9_1,-0.05466092592600172
Nuclei_RadialDistribution_ZernikeMagnitude_DAPI_9_3,-0.03286656533309634
Nuclei_RadialDistribution_ZernikeMagnitude_DAPI_9_5,0.014202892428453122
Nuclei_RadialDistribution_ZernikeMagnitude_DAPI_9_7,0.0512198872185415
Nuclei_RadialDistribution_ZernikeMagnitude_DAPI_9_9,-0.08821830490491192
Nuclei_RadialDistribution_ZernikeMagnitude_GFP_1_1,0.22497766884419423
Nuclei_RadialDistribution_ZernikeMagnitude_GFP_2_0,0.581829435676854
Nuclei_RadialDistribution_ZernikeMagnitude_GFP_2_2,0.36725577141182253
Nuclei_RadialDistribution_ZernikeMagnitude_GFP_3_1,0.06438247601230154
Nuclei_RadialDistribution_ZernikeMagnitude_GFP_3_3,0.016424673128335933
Nuclei_RadialDistribution_ZernikeMagnitude_GFP_4_0,-0.08468237429845701
Nuclei_RadialDistribution_ZernikeMagnitude_GFP_4_2,-0.12608735122793466
Nuclei_RadialDistribution_ZernikeMagnitude_GFP_5_1,0.0068145266055705
Nuclei_RadialDistribution_ZernikeMagnitude_GFP_5_3,0.03610258703667078
Nuclei_RadialDistribution_ZernikeMagnitude_GFP_5_5,-0.09425772685672658
Nuclei_RadialDistribution_ZernikeMagnitude_GFP_6_0,-0.12576242123049686
Nuclei_RadialDistribution_ZernikeMagnitude_GFP_6_2,0.00042918504401401564
Nuclei_RadialDistribution_ZernikeMagnitude_GFP_6_4,-0.24467051278530344
Nuclei_RadialDistribution_ZernikeMagnitude_GFP_7_1,0.08638346083291014
Nuclei_RadialDistribution_ZernikeMagnitude_GFP_7_3,0.002579506361298312
Nuclei_RadialDistribution_ZernikeMagnitude_GFP_7_5,-0.02042105491081562
Nuclei_RadialDistribution_ZernikeMagnitude_GFP_7_7,0.1241718641499588
Nuclei_RadialDistribution_ZernikeMagnitude_GFP_8_0,-0.09445730665331864
Nuclei_RadialDistribution_ZernikeMagnitude_GFP_8_2,0.024644822472457945
Nuclei_RadialDistribution_ZernikeMagnitude_GFP_8_4,-0.06606690210894262
Nuclei_RadialDistribution_ZernikeMagnitude_GFP_8_6,-0.10159758328165738
Nuclei_RadialDistribution_ZernikeMagnitude_GFP_8_8,-0.060207040688656704
Nuclei_RadialDistribution_ZernikeMagnitude_GFP_9_1,0.09815840981699728
Nuclei_RadialDistribution_ZernikeMagnitude_GFP_9_3,-0.061969696143686165
Nuclei_RadialDistribution_ZernikeMagnitude_GFP_9_5,-0.07905622229610407
Nuclei_RadialDistribution_ZernikeMagnitude_GFP_9_7,-0.01340328117789781
Nuclei_RadialDistribution_ZernikeMagnitude_GFP_9_9,-0.062193968101235654
Nuclei_RadialDistribution_ZernikeMagnitude_RFP_1_1,-0.09656024535466001
Nuclei_RadialDistribution_ZernikeMagnitude_RFP_2_0,-0.20345715895322303
Nuclei_RadialDistribution_ZernikeMagnitude_RFP_2_2,-0.1540391238922728
Nuclei_RadialDistribution_ZernikeMagnitude_RFP_3_1,-0.054281024326191016
Nuclei_RadialDistribution_ZernikeMagnitude_RFP_3_3,-0.012561314745019118
Nuclei_RadialDistribution_ZernikeMagnitude_RFP_4_0,0.012260977184649968
Nuclei_RadialDistribution_ZernikeMagnitude_RFP_4_2,-0.004538386322424964
Nuclei_RadialDistribution_ZernikeMagnitude_RFP_5_1,-0.00258551408446706
Nuclei_RadialDistribution_ZernikeMagnitude_RFP_5_3,0.02469488765512162
Nuclei_RadialDistribution_ZernikeMagnitude_RFP_5_5,0.06643398090915596
Nuclei_RadialDistribution_ZernikeMagnitude_RFP_6_0,0.010706886934633533
Nuclei_RadialDistribution_ZernikeMagnitude_RFP_6_2,-0.03670004892383993
Nuclei_RadialDistribution_ZernikeMagnitude_RFP_6_4,-0.08991090915575016
Nuclei_RadialDistribution_ZernikeMagnitude_RFP_7_1,-0.10342961233211827
Nuclei_RadialDistribution_ZernikeMagnitude_RFP_7_3,0.07050286338024365
Nuclei_RadialDistribution_ZernikeMagnitude_RFP_7_5,-0.07690187570185818
Nuclei_RadialDistribution_ZernikeMagnitude_RFP_7_7,-0.20020492531977485
Nuclei_RadialDistribution_ZernikeMagnitude_RFP_8_0,-0.11407717860462281
Nuclei_RadialDistribution_ZernikeMagnitude_RFP_8_2,0.05890981542524167
Nuclei_RadialDistribution_ZernikeMagnitude_RFP_8_4,-0.04298371238744799
Nuclei_RadialDistribution_ZernikeMagnitude_RFP_8_6,0.10230769406193557
Nuclei_RadialDistribution_ZernikeMagnitude_RFP_8_8,0.10108519308096112
Nuclei_RadialDistribution_ZernikeMagnitude_RFP_9_1,-0.006122125247245989
Nuclei_RadialDistribution_ZernikeMagnitude_RFP_9_3,-0.05718854470699428
Nuclei_RadialDistribution_ZernikeMagnitude_RFP_9_5,0.04621897460187202
Nuclei_RadialDistribution_ZernikeMagnitude_RFP_9_7,0.09386497245709892
Nuclei_RadialDistribution_ZernikeMagnitude_RFP_9_9,0.11904772699783892
Nuclei_RadialDistribution_ZernikePhase_CY5_1_1,0.03910281566006088
Nuclei_RadialDistribution_ZernikePhase_CY5_3_1,-0.012978614612824648
Nuclei_RadialDistribution_ZernikePhase_CY5_3_3,-0.01035768191612339
Nuclei_RadialDistribution_ZernikePhase_CY5_4_2,0.0007690220345728314
Nuclei_RadialDistribution_ZernikePhase_CY5_4_4,-0.0030563553197438596
Nuclei_RadialDistribution_ZernikePhase_CY5_5_1,0.01646904452944461
Nuclei_RadialDistribution_ZernikePhase_CY5_5_3,0.05125169687375171
Nuclei_RadialDistribution_ZernikePhase_CY5_5_5,-0.009961069300084441
Nuclei_RadialDistribution_ZernikePhase_CY5_6_2,-0.015843957785191674
Nuclei_RadialDistribution_ZernikePhase_CY5_6_4,-0.005459192502615693
Nuclei_RadialDistribution_ZernikePhase_CY5_6_6,-0.024014391890421122
Nuclei_RadialDistribution_ZernikePhase_CY5_7_1,0.0016505434708478637
Nuclei_RadialDistribution_ZernikePhase_CY5_7_3,-0.0015186134234827806
Nuclei_RadialDistribution_ZernikePhase_CY5_7_5,0.028481089024194235
Nuclei_RadialDistribution_ZernikePhase_CY5_7_7,-0.0420565098941232
Nuclei_RadialDistribution_ZernikePhase_CY5_8_2,-0.05703716471573093
Nuclei_RadialDistribution_ZernikePhase_CY5_8_4,0.04451587286036631
Nuclei_RadialDistribution_ZernikePhase_CY5_8_6,-0.022566560024926793
Nuclei_RadialDistribution_ZernikePhase_CY5_8_8,-0.027218187888478223
Nuclei_RadialDistribution_ZernikePhase_CY5_9_1,0.06858968885352869
Nuclei_RadialDistribution_ZernikePhase_CY5_9_3,0.01972684578338545
Nuclei_RadialDistribution_ZernikePhase_CY5_9_5,-0.0187593609325515
Nuclei_RadialDistribution_ZernikePhase_CY5_9_7,0.031993960371363706
Nuclei_RadialDistribution_ZernikePhase_CY5_9_9,-0.010370154195030377
Nuclei_RadialDistribution_ZernikePhase_DAPI_1_1,-0.03379947293231683
Nuclei_RadialDistribution_ZernikePhase_DAPI_2_2,0.003053322124570045
Nuclei_RadialDistribution_ZernikePhase_DAPI_3_1,0.038004393976861894
Nuclei_RadialDistribution_ZernikePhase_DAPI_3_3,0.017221812731039166
Nuclei_RadialDistribution_ZernikePhase_DAPI_4_2,-0.025606660399744872
Nuclei_RadialDistribution_ZernikePhase_DAPI_4_4,0.03050224747775859
Nuclei_RadialDistribution_ZernikePhase_DAPI_5_1,0.02407396643903031
Nuclei_RadialDistribution_ZernikePhase_DAPI_5_3,0.021505092654806345
Nuclei_RadialDistribution_ZernikePhase_DAPI_5_5,-0.03493982384271498
Nuclei_RadialDistribution_ZernikePhase_DAPI_6_2,-0.007577714862747698
Nuclei_RadialDistribution_ZernikePhase_DAPI_6_4,0.009578509061170918
Nuclei_RadialDistribution_ZernikePhase_DAPI_6_6,-0.03703014825551152
Nuclei_RadialDistribution_ZernikePhase_DAPI_7_1,-0.015343957946815184
Nuclei_RadialDistribution_ZernikePhase_DAPI_7_3,0.02105076513249844
Nuclei_RadialDistribution_ZernikePhase_DAPI_7_5,-0.016283482012094813
Nuclei_RadialDistribution_ZernikePhase_DAPI_7_7,0.029556068102117965
Nuclei_RadialDistribution_ZernikePhase_DAPI_8_2,0.0008366434635189129
Nuclei_RadialDistribution_ZernikePhase_DAPI_8_4,-0.024738586149685958
Nuclei_RadialDistribution_ZernikePhase_DAPI_8_6,-0.011655284139782994
Nuclei_RadialDistribution_ZernikePhase_DAPI_8_8,-0.00888539985443417
Nuclei_RadialDistribution_ZernikePhase_DAPI_9_1,-0.055569729294658435
Nuclei_RadialDistribution_ZernikePhase_DAPI_9_3,0.05424085818590999
Nuclei_RadialDistribution_ZernikePhase_DAPI_9_5,0.0049687246482626795
Nuclei_RadialDistribution_ZernikePhase_DAPI_9_7,-0.0004797371518292205
Nuclei_RadialDistribution_ZernikePhase_DAPI_9_9,-0.011238132708189831
Nuclei_RadialDistribution_ZernikePhase_GFP_1_1,0.0005074852038396688
Nuclei_RadialDistribution_ZernikePhase_GFP_3_1,-0.004589533198135825
Nuclei_RadialDistribution_ZernikePhase_GFP_3_3,-0.019437555823381338
Nuclei_RadialDistribution_ZernikePhase_GFP_4_2,0.034290811222058806
Nuclei_RadialDistribution_ZernikePhase_GFP_4_4,-0.0241854345500304
Nuclei_RadialDistribution_ZernikePhase_GFP_5_1,-0.031992991030012984
Nuclei_RadialDistribution_ZernikePhase_GFP_5_3,-0.014444307802833052
Nuclei_RadialDistribution_ZernikePhase_GFP_5_5,-0.011302346819291107
Nuclei_RadialDistribution_ZernikePhase_GFP_6_2,0.028479639355427886
Nuclei_RadialDistribution_ZernikePhase_GFP_6_4,0.033145420290564984
Nuclei_RadialDistribution_ZernikePhase_GFP_6_6,0.0539511019652235
Nuclei_RadialDistribution_ZernikePhase_GFP_7_1,0.026935126786667152
Nuclei_RadialDistribution_ZernikePhase_GFP_7_3,0.02606726493635232
Nuclei_RadialDistribution_ZernikePhase_GFP_7_5,-0.025176457480245242
Nuclei_RadialDistribution_ZernikePhase_GFP_7_7,0.02729760875808923
Nuclei_RadialDistribution_ZernikePhase_GFP_8_2,0.02456799302578531
Nuclei_RadialDistribution_ZernikePhase_GFP_8_4,0.014023671369467413
Nuclei_RadialDistribution_ZernikePhase_GFP_8_6,-0.006960811342926175
Nuclei_RadialDistribution_ZernikePhase_GFP_8_8,0.01745094299158558
Nuclei_RadialDistribution_ZernikePhase_GFP_9_1,-0.027711663406566535
Nuclei_RadialDistribution_ZernikePhase_GFP_9_3,-0.017208236740810307
Nuclei_RadialDistribution_ZernikePhase_GFP_9_5,-0.011501371732427637
Nuclei_RadialDistribution_ZernikePhase_GFP_9_7,-0.01755794880411516
Nuclei_RadialDistribution_ZernikePhase_GFP_9_9,0.013008492546944153
Nuclei_RadialDistribution_ZernikePhase_RFP_1_1,0.005191273119132407
Nuclei_RadialDistribution_ZernikePhase_RFP_2_2,0.01747943197011442
Nuclei_RadialDistribution_ZernikePhase_RFP_3_1,-0.0004324643040792877
Nuclei_RadialDistribution_ZernikePhase_RFP_3_3,0.026827141459122426
Nuclei_RadialDistribution_ZernikePhase_RFP_4_2,-0.015917265254460765
Nuclei_RadialDistribution_ZernikePhase_RFP_4_4,-0.02932403062713792
Nuclei_RadialDistribution_ZernikePhase_RFP_5_1,-0.006474672842610122
Nuclei_RadialDistribution_ZernikePhase_RFP_5_3,-0.024914517228003676
Nuclei_RadialDistribution_ZernikePhase_RFP_5_5,-0.02805447346292427
Nuclei_RadialDistribution_ZernikePhase_RFP_6_2,-0.02572385024165478
Nuclei_RadialDistribution_ZernikePhase_RFP_6_4,-0.05316253014285312
Nuclei_RadialDistribution_ZernikePhase_RFP_6_6,0.015979961394747184
Nuclei_RadialDistribution_ZernikePhase_RFP_7_1,-0.0364172605151245
Nuclei_RadialDistribution_ZernikePhase_RFP_7_3,-0.023081901981230234
Nuclei_RadialDistribution_ZernikePhase_RFP_7_5,-0.005363807969589323
Nuclei_RadialDistribution_ZernikePhase_RFP_7_7,-0.01757662705759996
Nuclei_RadialDistribution_ZernikePhase_RFP_8_2,0.06097729664506055
Nuclei_RadialDistribution_ZernikePhase_RFP_8_4,-0.05728396794765518
Nuclei_RadialDistribution_ZernikePhase_RFP_8_6,0.045050393085585866
Nuclei_RadialDistribution_ZernikePhase_RFP_8_8,0.015028371626710774
Nuclei_RadialDistribution_ZernikePhase_RFP_9_1,-0.002452429171886853
Nuclei_RadialDistribution_ZernikePhase_RFP_9_3,-0.0079568751352418
Nuclei_RadialDistribution_ZernikePhase_RFP_9_5,-0.007084418049886002
Nuclei_RadialDistribution_ZernikePhase_RFP_9_7,0.019139485269702
Nuclei_RadialDistribution_ZernikePhase_RFP_9_9,-0.018887559632569946
Nuclei_Texture_Contrast_GFP_3_03_256,0.3550552735619969
Nuclei_Texture_Contrast_RFP_3_00_256,0.08435029879482928
Nuclei_Texture_Contrast_RFP_3_01_256,-0.014043607402852492
Nuclei_Texture_Contrast_RFP_3_02_256,0.13470465395274353
Nuclei_Texture_Contrast_RFP_3_03_256,-0.07415664553071091
Nuclei_Texture_Correlation_CY5_3_00_256,0.05341691934554886
Nuclei_Texture_Correlation_CY5_3_01_256,0.143680551412764
Nuclei_Texture_Correlation_CY5_3_02_256,-0.008106496871221943
Nuclei_Texture_Correlation_CY5_3_03_256,0.1964093352483141
Nuclei_Texture_Correlation_DAPI_3_00_256,-0.11477354439287014
Nuclei_Texture_Correlation_DAPI_3_01_256,0.38509260405488904
Nuclei_Texture_Correlation_DAPI_3_02_256,-0.1910496490887372
Nuclei_Texture_Correlation_DAPI_3_03_256,0.4165397120439798
Nuclei_Texture_Correlation_GFP_3_00_256,0.030327861255391744
Nuclei_Texture_Correlation_GFP_3_01_256,-0.05819586299341797
Nuclei_Texture_Correlation_GFP_3_02_256,-0.04975345525236184
Nuclei_Texture_Correlation_GFP_3_03_256,0.029805287445719992
Nuclei_Texture_Correlation_RFP_3_00_256,-0.11997586634009927
Nuclei_Texture_Correlation_RFP_3_01_256,-0.016459925010369487
Nuclei_Texture_Correlation_RFP_3_02_256,-0.05680730516937276
Nuclei_Texture_Correlation_RFP_3_03_256,0.046577304238637214
Nuclei_Texture_DifferenceEntropy_RFP_3_01_256,0.03589486137656589
Nuclei_Texture_DifferenceEntropy_RFP_3_02_256,-0.20964508842080837
Nuclei_Texture_DifferenceEntropy_RFP_3_03_256,0.09043972581814601
Nuclei_Texture_InfoMeas1_RFP_3_00_256,0.018602034855906672
Nuclei_Texture_InfoMeas1_RFP_3_01_256,-0.09056833235489369
Nuclei_Texture_InfoMeas1_RFP_3_02_256,0.0022835489362917024
Nuclei_Texture_InfoMeas1_RFP_3_03_256,0.15514364135754918
Nuclei_Texture_InfoMeas2_RFP_3_00_256,0.03721141772051197
Nuclei_Texture_InfoMeas2_RFP_3_01_256,-0.07300669919275908
Nuclei_Texture_InfoMeas2_RFP_3_02_256,-0.13402262709216456
Nuclei_Texture_InfoMeas2_RFP_3_03_256,-0.029695740204209172
Nuclei_Texture_InverseDifferenceMoment_RFP_3_00_256,-0.08868706729632933
Nuclei_Texture_InverseDifferenceMoment_RFP_3_01_256,-0.041852758536125176
Nuclei_Texture_InverseDifferenceMoment_RFP_3_02_256,-0.1850091336686649
Nuclei_Texture_InverseDifferenceMoment_RFP_3_03_256,-0.0016726924014762309
