feature,coefficient_orig_model,coefficient_new_model
Cytoplasm_RadialDistribution_ZernikePhase_GFP_7_3,0.04142595797889054,0.054901707010030484
Nuclei_RadialDistribution_ZernikePhase_CY5_7_5,0.024974802868890703,0.028481089024194235
Nuclei_RadialDistribution_ZernikePhase_RFP_7_7,-0.011418658793047142,-0.01757662705759996
Nuclei_RadialDistribution_ZernikeMagnitude_RFP_5_3,-0.05373912647817097,0.02469488765512162
Cells_RadialDistribution_RadialCV_GFP_1of4,0.019977898553327683,0.0022729901108647435
Nuclei_Intensity_LowerQuartileIntensity_GFP,-0.6010107102379566,-0.34779990712799136
Nuclei_Intensity_MassDisplacement_RFP,-0.16597851938495892,-0.04632793146583826
Nuclei_RadialDistribution_ZernikePhase_GFP_4_4,0.01081647083615117,-0.0241854345500304
Nuclei_AreaShape_Zernike_7_5,0.022977142157352946,0.0337269150419606
Cytoplasm_RadialDistribution_ZernikePhase_RFP_1_1,0.04111048149640226,0.007154415901716007
Cytoplasm_RadialDistribution_FracAtD_GFP_1of4,0.37487560899316624,0.04678894614003135
Cells_Texture_Contrast_DAPI_3_03_256,-0.3268554301811481,-0.02539975264195011
Nuclei_RadialDistribution_ZernikePhase_RFP_4_2,-0.02809463586488488,-0.015917265254460765
Cytoplasm_Texture_InfoMeas1_DAPI_3_00_256,-0.5777278868426646,-0.4312952588038554
Nuclei_RadialDistribution_ZernikeMagnitude_CY5_6_4,0.07269321119537937,0.12530850615622557
Nuclei_RadialDistribution_ZernikeMagnitude_GFP_8_4,-0.07371919107857847,-0.06606690210894262
Nuclei_AreaShape_Zernike_7_1,-0.025529446246005328,0.0019528387735166458
Cells_RadialDistribution_RadialCV_DAPI_2of4,-0.06942846523123354,-0.045402846076556744
Nuclei_RadialDistribution_ZernikeMagnitude_CY5_8_2,0.01667071944097841,-0.03335940935953134
Cells_Intensity_MeanIntensityEdge_RFP,-0.3178201069056822,-0.22992583997219337
Cytoplasm_RadialDistribution_ZernikePhase_CY5_4_2,0.08290075831404609,-0.0006684954083473659
Nuclei_RadialDistribution_ZernikeMagnitude_CY5_2_0,-0.007041192481134584,0.5904241168734793
Cytoplasm_RadialDistribution_ZernikePhase_CY5_8_8,-0.007205540330961419,-0.009968865120315909
Nuclei_Correlation_K_GFP_RFP,0.06312381973021583,0.014393012073509627
Nuclei_RadialDistribution_ZernikeMagnitude_DAPI_7_1,-0.0632440096711645,-0.09687681289239398
Nuclei_RadialDistribution_FracAtD_CY5_4of4,0.006541239255207207,0.015253244314051544
Cells_Correlation_Manders_CY5_DAPI,0.4523279272391441,-0.043742039581572814
Cytoplasm_RadialDistribution_ZernikePhase_DAPI_7_3,-0.02014476175071041,-0.018790715830428364
Cells_Intensity_MaxIntensityEdge_DAPI,-0.04009535607257161,-0.10347280722302764
Nuclei_RadialDistribution_ZernikePhase_GFP_9_7,-0.007021342662936574,-0.01755794880411516
Cytoplasm_RadialDistribution_RadialCV_DAPI_4of4,0.15764934926121352,0.09910650155160464
Nuclei_Granularity_1_CY5,-0.10462812044506467,-0.04922885541839036
Cytoplasm_RadialDistribution_ZernikePhase_GFP_6_2,-0.041587314421013835,-0.058229504500155155
Nuclei_RadialDistribution_ZernikeMagnitude_RFP_1_1,-0.010750366479643246,-0.09656024535466001
Cytoplasm_RadialDistribution_ZernikeMagnitude_RFP_4_2,-0.07414057043880284,-0.11660841595008573
Nuclei_RadialDistribution_ZernikeMagnitude_CY5_7_5,-0.08108376824588728,-0.016608547597294233
Cells_AreaShape_Zernike_8_6,-0.05963330316276487,-0.03167608060906583
Nuclei_RadialDistribution_ZernikeMagnitude_GFP_2_2,0.005379741113197341,0.36725577141182253
Cells_Texture_Correlation_GFP_3_00_256,-0.12783704201191662,0.0
Nuclei_RadialDistribution_ZernikePhase_GFP_7_3,0.056849882235428195,0.02606726493635232
Cells_Correlation_RWC_RFP_DAPI,-0.10889245268068956,0.44813334271726707
Nuclei_Texture_DifferenceEntropy_RFP_3_01_256,-0.35319799207020736,0.03589486137656589
Cells_RadialDistribution_ZernikeMagnitude_GFP_3_1,-0.2806441053265633,0.0
Nuclei_Texture_InfoMeas2_RFP_3_02_256,-0.5720431559409159,-0.13402262709216456
Cells_Granularity_2_CY5,-0.1915583621567949,0.0
Cells_RadialDistribution_ZernikeMagnitude_DAPI_2_0,0.03608176142993426,-0.169467667682508
Cytoplasm_RadialDistribution_ZernikePhase_RFP_8_4,0.045461207892225984,0.044471151789870655
Nuclei_RadialDistribution_FracAtD_GFP_1of4,-0.11305613992553618,-0.16468453212039816
Cells_AreaShape_Zernike_9_5,-0.08056634864542334,0.009887834099307727
Cytoplasm_RadialDistribution_ZernikeMagnitude_RFP_2_2,-0.03611955997042389,0.0
Nuclei_RadialDistribution_ZernikeMagnitude_GFP_9_5,-0.07000457560950374,-0.07905622229610407
Nuclei_RadialDistribution_ZernikeMagnitude_RFP_8_6,0.12120724530458672,0.10230769406193557
Cytoplasm_RadialDistribution_MeanFrac_RFP_4of4,0.26440004871760164,0.017334883344716907
Cells_Correlation_Correlation_DAPI_GFP,1.8915486516923052,1.2567854002699737
Cytoplasm_Intensity_IntegratedIntensity_CY5,-0.05726867367072206,-0.22817093208575945
Cytoplasm_RadialDistribution_ZernikeMagnitude_DAPI_9_1,0.08198840272228415,0.037019905135523556
Nuclei_AreaShape_Zernike_2_0,-0.3616278213595118,-0.294931819898214
Nuclei_Correlation_RWC_GFP_RFP,0.19727369266193354,-0.001951690706609144
Cells_RadialDistribution_ZernikePhase_CY5_7_1,-0.020631589219338636,-0.06359914273846921
Nuclei_Granularity_1_DAPI,-0.5739978103086365,-0.15207979370647912
Cells_Intensity_IntegratedIntensityEdge_DAPI,0.9245057762327231,0.763670491995977
Cytoplasm_Correlation_Correlation_DAPI_RFP,-0.2832987199485044,-0.021844214039394176
Nuclei_RadialDistribution_ZernikeMagnitude_GFP_1_1,0.1499323681864118,0.22497766884419423
Nuclei_RadialDistribution_ZernikeMagnitude_GFP_8_0,-0.08704330720682871,-0.09445730665331864
Nuclei_RadialDistribution_ZernikePhase_GFP_6_6,0.008774076565697854,0.0539511019652235
Cytoplasm_RadialDistribution_ZernikeMagnitude_RFP_8_4,-0.06231181840760446,-0.023258957774751593
Nuclei_RadialDistribution_ZernikeMagnitude_DAPI_8_4,-0.08113510024086122,-0.14840377567156166
Nuclei_Correlation_RWC_RFP_CY5,0.8017117460326545,0.39234091946631805
Nuclei_RadialDistribution_ZernikeMagnitude_GFP_6_0,-0.042996374044783,-0.12576242123049686
Nuclei_Texture_InfoMeas2_RFP_3_03_256,0.3333811100380306,-0.029695740204209172
Cells_Intensity_MassDisplacement_RFP,0.01758215952340628,0.0040463516110523885
Nuclei_RadialDistribution_RadialCV_GFP_3of4,-0.14033298064178248,-0.2572526429616638
Cells_RadialDistribution_ZernikeMagnitude_RFP_6_2,0.16406944556953773,0.20336454079186178
Nuclei_RadialDistribution_ZernikeMagnitude_RFP_7_5,0.016311226108880618,-0.07690187570185818
Cells_AreaShape_Zernike_5_1,0.006130478597030484,-0.0049091967492139055
Cytoplasm_RadialDistribution_ZernikeMagnitude_CY5_8_0,0.07426930178582303,0.0819422794818915
Cytoplasm_RadialDistribution_ZernikeMagnitude_CY5_8_2,0.2091137614114842,0.1633097903446426
Cytoplasm_RadialDistribution_ZernikePhase_CY5_5_5,-0.02211513541677508,-0.014820402283290542
Nuclei_AreaShape_Zernike_7_3,0.054056669601608175,0.07033159127597943
Cells_RadialDistribution_ZernikeMagnitude_CY5_9_3,-0.17711077129981195,-0.1728828617342278
Cytoplasm_Intensity_MassDisplacement_DAPI,-0.16410684364861688,-0.035798295892572066
Cells_RadialDistribution_ZernikePhase_DAPI_7_5,-0.0010035222682016432,0.013825957495534379
Nuclei_RadialDistribution_MeanFrac_CY5_3of4,1.4037670590400069,-0.06820561629730044
Nuclei_RadialDistribution_ZernikeMagnitude_CY5_6_2,0.06085216397364682,0.11846684533277253
Cytoplasm_RadialDistribution_ZernikePhase_DAPI_4_2,0.03260098845840874,-0.005052531328611304
Cells_AreaShape_Extent,-0.014119418326892298,0.0
Cytoplasm_RadialDistribution_ZernikeMagnitude_RFP_7_3,-0.21410096607384657,-0.03834112110048467
Cytoplasm_RadialDistribution_MeanFrac_GFP_3of4,0.4212232877460353,0.31279993679191637
Nuclei_RadialDistribution_FracAtD_CY5_3of4,-1.5196392098852098,-0.12571516814858785
Nuclei_RadialDistribution_ZernikePhase_RFP_5_1,-0.02898227721225031,-0.006474672842610122
Cytoplasm_RadialDistribution_ZernikeMagnitude_DAPI_7_1,0.061499501175420586,-0.08322253101869628
Cytoplasm_RadialDistribution_MeanFrac_RFP_3of4,-0.03178703640518958,0.13775778620565646
Cytoplasm_RadialDistribution_ZernikeMagnitude_DAPI_3_1,0.1485015985508976,0.23585355556649154
Nuclei_RadialDistribution_ZernikeMagnitude_RFP_3_3,0.0663200521932827,-0.012561314745019118
Cells_RadialDistribution_ZernikePhase_CY5_2_2,-0.008563028377882769,-0.04151775381752995
Cytoplasm_RadialDistribution_MeanFrac_GFP_4of4,0.3315630602224445,0.2141657325649649
Cytoplasm_RadialDistribution_ZernikeMagnitude_RFP_8_0,0.005427624703783864,-0.05149952262830411
Nuclei_RadialDistribution_ZernikePhase_DAPI_9_5,-0.013658830583462414,0.0049687246482626795
Cytoplasm_Texture_Correlation_DAPI_3_02_256,-0.06289712427033492,0.004246971043713665
Cytoplasm_RadialDistribution_RadialCV_GFP_3of4,-0.15304320153688006,-0.10532938421851876
Nuclei_RadialDistribution_RadialCV_CY5_1of4,-0.017906742192996372,0.004886359684747166
Nuclei_Correlation_Overlap_CY5_DAPI,0.15633705892081354,0.24855792905322502
Nuclei_RadialDistribution_RadialCV_CY5_4of4,-0.13386601786981772,-0.1727647702835723
Nuclei_Texture_Correlation_CY5_3_03_256,0.11139332066614467,0.1964093352483141
Nuclei_RadialDistribution_ZernikePhase_GFP_3_1,0.028047688033407982,-0.004589533198135825
Cytoplasm_AreaShape_Zernike_6_0,-0.0705039718596857,0.029483445568504327
Nuclei_Intensity_MADIntensity_RFP,0.22628127203211684,0.2993664189435368
Nuclei_Texture_Correlation_DAPI_3_00_256,-0.15719902923718776,-0.11477354439287014
Nuclei_RadialDistribution_MeanFrac_DAPI_3of4,-0.30048808972805513,0.08021825791815476
Nuclei_RadialDistribution_FracAtD_CY5_2of4,2.283346065365666,0.15339323324378606
Nuclei_RadialDistribution_ZernikeMagnitude_GFP_7_5,0.04785651530630867,-0.02042105491081562
Nuclei_RadialDistribution_ZernikePhase_CY5_9_9,-0.001341308435962453,-0.010370154195030377
Nuclei_RadialDistribution_ZernikePhase_RFP_5_3,-0.044009740717975206,-0.024914517228003676
Nuclei_Texture_Correlation_RFP_3_02_256,0.05789742985778811,-0.05680730516937276
Nuclei_RadialDistribution_ZernikeMagnitude_DAPI_9_9,-0.05843079568481977,-0.08821830490491192
Cells_RadialDistribution_ZernikePhase_RFP_9_3,0.001058639918433185,0.014357923850193618
Cytoplasm_AreaShape_FormFactor,-1.238244279451067,-0.6727047629815739
Cytoplasm_RadialDistribution_ZernikeMagnitude_RFP_5_3,0.1578374143681374,0.15099776972105736
Nuclei_RadialDistribution_ZernikeMagnitude_DAPI_9_7,0.11795325876031387,0.0512198872185415
Nuclei_RadialDistribution_ZernikeMagnitude_GFP_4_2,-0.18551351402851105,-0.12608735122793466
Cytoplasm_AreaShape_Zernike_7_1,0.025177249336959667,-0.017261737409882953
Nuclei_Texture_InverseDifferenceMoment_RFP_3_01_256,-0.28358910757433703,-0.041852758536125176
Cytoplasm_RadialDistribution_ZernikeMagnitude_CY5_6_0,0.05297806631682014,-0.057907724627158375
Cytoplasm_RadialDistribution_ZernikeMagnitude_GFP_7_3,-0.10601771322867948,0.013057118837803491
Nuclei_Texture_InverseDifferenceMoment_RFP_3_00_256,-0.4489064620874499,-0.08868706729632933
Cytoplasm_RadialDistribution_ZernikePhase_DAPI_8_8,0.04771451123168319,0.01763720726315866
Cytoplasm_RadialDistribution_ZernikePhase_CY5_7_1,-0.009976817540741657,0.007938787627372825
Cells_RadialDistribution_MeanFrac_GFP_1of4,-0.23931341736024128,-0.26096890117600646
Nuclei_RadialDistribution_ZernikeMagnitude_DAPI_7_5,-0.0180704280756079,0.007800280920713528
Nuclei_Texture_InfoMeas1_RFP_3_03_256,0.6387506641041313,0.15514364135754918
Nuclei_RadialDistribution_ZernikePhase_CY5_9_3,0.016040113437569458,0.01972684578338545
Nuclei_RadialDistribution_ZernikePhase_DAPI_2_2,-0.030772335253053076,0.003053322124570045
Cytoplasm_RadialDistribution_MeanFrac_DAPI_4of4,-0.8260360070330346,-0.38864248745452257
Cytoplasm_AreaShape_Zernike_6_2,-0.01950913912663749,0.0969915679150184
Nuclei_RadialDistribution_ZernikePhase_RFP_6_2,-0.022405975589461474,-0.02572385024165478
Cells_AreaShape_Zernike_8_4,-0.010527164668978127,-0.045163464218718676
Cells_RadialDistribution_ZernikeMagnitude_CY5_8_4,-0.09519798967165014,0.04342042963979508
Nuclei_RadialDistribution_ZernikeMagnitude_CY5_8_6,-0.11453634033382716,-0.0013967712665269737
Cells_Correlation_K_GFP_DAPI,-0.15508478427158937,-0.16835516434249706
Nuclei_RadialDistribution_ZernikeMagnitude_DAPI_8_0,-0.021344685319938328,-0.007751348235635617
Nuclei_RadialDistribution_ZernikePhase_DAPI_8_2,-0.03984146065228071,0.0008366434635189129
Cells_AreaShape_Zernike_6_2,-0.07564445616051439,-0.0657947419676046
Nuclei_Texture_Correlation_DAPI_3_01_256,0.5167955910791161,0.38509260405488904
Cytoplasm_Intensity_IntegratedIntensityEdge_CY5,0.9861134169306722,-0.4022814507705778
Cells_AreaShape_Zernike_3_1,0.07457748897900787,0.09228737608546564
Cytoplasm_RadialDistribution_ZernikeMagnitude_GFP_5_3,0.013997535446801445,-0.034577910823456806
Cytoplasm_RadialDistribution_ZernikeMagnitude_DAPI_8_4,0.11741247481239632,0.19011965660578486
Cytoplasm_Texture_Contrast_GFP_3_02_256,0.36939302644510436,0.3459547021035641
Cells_RadialDistribution_ZernikeMagnitude_GFP_6_2,-0.3341904403622999,-0.16811033128186706
Cells_RadialDistribution_ZernikeMagnitude_RFP_8_0,-0.06976318503684027,0.018834437050580407
Cytoplasm_AreaShape_Zernike_3_1,0.014923259144780484,-0.030926134205132853
Nuclei_AreaShape_Zernike_8_2,-0.0435762180270072,0.016630704962919688
Cytoplasm_RadialDistribution_ZernikeMagnitude_DAPI_6_0,0.04762140500076284,0.008347749547672787
Cytoplasm_RadialDistribution_ZernikePhase_CY5_9_5,0.026927446753511657,-0.044570925141252875
Nuclei_RadialDistribution_ZernikeMagnitude_CY5_9_1,-0.023401005878397652,-0.029472695480575253
Nuclei_RadialDistribution_ZernikePhase_GFP_7_5,-0.035663667567484944,-0.025176457480245242
Cytoplasm_Intensity_MADIntensity_CY5,0.04817948317814029,0.2432317897070013
Nuclei_AreaShape_MajorAxisLength,0.4243680967724298,0.49340683544937947
Nuclei_RadialDistribution_ZernikeMagnitude_GFP_4_0,-0.15599535466052872,-0.08468237429845701
Nuclei_RadialDistribution_ZernikePhase_RFP_9_1,-0.005489373104600104,-0.002452429171886853
Cytoplasm_RadialDistribution_ZernikePhase_GFP_3_1,0.04009949796465849,0.02243550842553635
Cytoplasm_AreaShape_Zernike_7_3,0.0907669373672521,0.0773914072436087
Cytoplasm_Texture_InfoMeas2_DAPI_3_03_256,-0.6115270978287608,-0.7104487695212046
Nuclei_Intensity_IntegratedIntensity_GFP,0.24964217083222284,-0.21761152307716772
Nuclei_RadialDistribution_ZernikeMagnitude_RFP_5_5,-0.023202358288992322,0.06643398090915596
Nuclei_Intensity_StdIntensityEdge_RFP,-0.15809353837153772,-0.1250029388548206
Cells_Intensity_MADIntensity_DAPI,-0.06661176179785462,-0.14980742333383965
Cells_RadialDistribution_MeanFrac_CY5_3of4,-0.09392739740228276,-0.13807783265326692
Nuclei_RadialDistribution_ZernikePhase_RFP_6_6,0.022786402805727714,0.015979961394747184
Nuclei_RadialDistribution_ZernikePhase_DAPI_4_2,0.00018295084391248774,-0.025606660399744872
Cytoplasm_RadialDistribution_RadialCV_GFP_2of4,-0.01364318540404193,0.0017415290408795366
Cells_RadialDistribution_RadialCV_GFP_2of4,-0.01775933359167414,-0.031428727740872825
Nuclei_RadialDistribution_ZernikeMagnitude_RFP_9_5,0.0253942242184443,0.04621897460187202
Cells_RadialDistribution_ZernikeMagnitude_GFP_7_1,-0.007615505384613834,-0.04509683318245898
Cells_Correlation_RWC_DAPI_RFP,0.11279382327766002,-0.35126226293156365
Cells_RadialDistribution_ZernikePhase_DAPI_1_1,-0.07046439707154475,-0.040767733257825595
Cytoplasm_Intensity_LowerQuartileIntensity_RFP,-0.28730074374939424,-0.17110220589460906
Nuclei_Correlation_RWC_GFP_CY5,-0.39254949525439614,-0.2375486666134486
Cytoplasm_Texture_InfoMeas1_GFP_3_02_256,-0.21227322080491837,0.08382989147012396
Cells_RadialDistribution_RadialCV_DAPI_3of4,0.08348220123852292,0.08544806969152725
Cells_RadialDistribution_ZernikeMagnitude_DAPI_9_9,0.047345561806083174,-0.061135651219258236
Cells_RadialDistribution_ZernikePhase_DAPI_8_2,0.0201974367250885,0.004318068590557773
Cytoplasm_Correlation_Correlation_GFP_RFP,0.014865963055329277,0.0
Nuclei_Intensity_MassDisplacement_DAPI,-0.030121582164141226,0.009293492473000799
Cells_RadialDistribution_RadialCV_RFP_1of4,0.03907422339504093,0.05205695826500294
Cytoplasm_RadialDistribution_RadialCV_CY5_3of4,-0.05132214799140832,-0.018142979498551717
Cells_Neighbors_FirstClosestDistance_Adjacent,0.006772695363207753,-0.04282604247583267
Nuclei_RadialDistribution_ZernikePhase_DAPI_1_1,-0.042517911280453256,-0.03379947293231683
Nuclei_RadialDistribution_ZernikePhase_CY5_1_1,0.015635159118635743,0.03910281566006088
Nuclei_Texture_Correlation_DAPI_3_02_256,-0.2934045381596185,-0.1910496490887372
Cells_Texture_InfoMeas1_CY5_3_02_256,0.18320013712693575,0.0
Cytoplasm_RadialDistribution_ZernikeMagnitude_CY5_5_3,-0.15154338916140153,-0.16616942040353191
Cytoplasm_RadialDistribution_ZernikePhase_DAPI_3_1,-0.0069846762721783515,0.01450209152048705
Nuclei_Granularity_1_RFP,-0.01515159810275842,0.05047765042745906
Nuclei_RadialDistribution_ZernikePhase_CY5_5_1,0.0033482105244059895,0.01646904452944461
Cytoplasm_RadialDistribution_ZernikePhase_GFP_8_4,-0.0011968936390244133,0.004096070058011643
Cells_Texture_InfoMeas2_RFP_3_03_256,-0.1646649108849238,-0.3031055455931937
Cells_RadialDistribution_MeanFrac_RFP_1of4,0.3887963116442385,0.11663006351298472
Nuclei_RadialDistribution_FracAtD_GFP_3of4,0.5714153184207876,0.2860748098495447
Nuclei_RadialDistribution_ZernikePhase_CY5_8_2,0.012985008116200382,-0.05703716471573093
Nuclei_Texture_DifferenceEntropy_RFP_3_03_256,0.008591252421495917,0.09043972581814601
Cytoplasm_RadialDistribution_ZernikePhase_DAPI_8_6,-0.016943438732108067,0.012366794652069028
Cytoplasm_RadialDistribution_ZernikePhase_DAPI_9_7,-0.033428456071124595,-0.04026304282111465
Cells_RadialDistribution_ZernikePhase_DAPI_3_3,-0.003956626094401,0.003102235318704693
Nuclei_RadialDistribution_ZernikePhase_GFP_9_9,-0.028095371410146657,0.013008492546944153
Nuclei_Intensity_MADIntensity_GFP,-0.6035881800794796,-0.7811102271550002
Cytoplasm_RadialDistribution_ZernikePhase_DAPI_6_4,0.0003389141227386593,-0.02662435555786494
Cells_Texture_InfoMeas2_RFP_3_00_256,-0.20092491654319725,0.15348137353918928
Nuclei_AreaShape_Zernike_6_0,0.04169218437779553,0.05987467403739189
Cells_RadialDistribution_FracAtD_RFP_4of4,-0.38690757846090845,0.019337929989404975
Cells_RadialDistribution_ZernikeMagnitude_GFP_9_1,-0.09873681934514243,-0.0907622190908746
Cells_AreaShape_Zernike_1_1,-0.1861830941785199,-0.1312059172381247
Cells_RadialDistribution_ZernikeMagnitude_CY5_6_0,0.038881021177113485,0.09823448360110942
Nuclei_RadialDistribution_ZernikeMagnitude_CY5_8_8,-0.16074080345020006,-0.2069135953280318
Cytoplasm_RadialDistribution_RadialCV_CY5_4of4,0.004911883433776941,-0.034671792935593554
Cells_AreaShape_Zernike_6_0,-0.08096009625681977,-0.03310365702481861
Nuclei_RadialDistribution_ZernikeMagnitude_GFP_7_1,0.13950041794421658,0.08638346083291014
Cytoplasm_AreaShape_Zernike_5_1,-0.05098441050865186,0.03966642300783418
Cells_RadialDistribution_ZernikeMagnitude_GFP_9_3,-0.018420771873506457,0.0006793625334021667
Cytoplasm_Correlation_Overlap_DAPI_GFP,-0.09359357314278269,-0.14038848359269815
Nuclei_RadialDistribution_ZernikeMagnitude_CY5_9_5,0.04488113689183669,0.0040933475289578495
Cells_RadialDistribution_ZernikePhase_CY5_7_3,0.05515286278250815,0.04943352494945042
Cells_AreaShape_Zernike_7_1,-0.00944377376396977,-0.017100962793618682
Nuclei_RadialDistribution_RadialCV_GFP_4of4,-0.02740660718377617,-0.0034568593142600664
Cells_Texture_Contrast_DAPI_3_02_256,0.7583513553274333,0.10511334989268019
Cytoplasm_RadialDistribution_ZernikePhase_DAPI_8_2,-0.004346241962067927,0.017931260734345103
Cytoplasm_Texture_InverseDifferenceMoment_RFP_3_02_256,-0.04646213957692291,0.0
Cells_RadialDistribution_ZernikePhase_DAPI_6_4,-0.004412662271722461,0.03928243229075817
Nuclei_RadialDistribution_ZernikePhase_GFP_3_3,-0.02729323290614251,-0.019437555823381338
Nuclei_RadialDistribution_ZernikeMagnitude_GFP_7_3,-0.03210474711309152,0.002579506361298312
Cells_AreaShape_FormFactor,0.6667021967039041,0.0
Cytoplasm_RadialDistribution_FracAtD_DAPI_4of4,1.0962644772071855,0.11716294198329898
Nuclei_AreaShape_Zernike_5_1,0.005072949047553451,-0.02216329443086247
Cytoplasm_RadialDistribution_ZernikePhase_CY5_9_3,-0.022788740047077424,-0.028981936794357076
Cytoplasm_RadialDistribution_ZernikeMagnitude_RFP_6_2,-0.05823777229416316,-0.1263568175886338
Nuclei_RadialDistribution_ZernikePhase_CY5_5_5,-0.0071815221350102435,-0.009961069300084441
Nuclei_RadialDistribution_ZernikePhase_DAPI_3_3,0.001385215721532462,0.017221812731039166
Nuclei_RadialDistribution_RadialCV_CY5_2of4,-0.05153039059650482,-0.12712346241974123
Cytoplasm_RadialDistribution_RadialCV_CY5_1of4,-0.08708388674970531,-0.10989496146872997
Nuclei_Texture_InfoMeas1_RFP_3_02_256,-0.7529697261320146,0.0022835489362917024
Cytoplasm_RadialDistribution_ZernikeMagnitude_RFP_5_1,0.11266454051239146,0.0786529974832948
Nuclei_AreaShape_MinFeretDiameter,0.29843102646581987,0.0
Nuclei_RadialDistribution_ZernikeMagnitude_RFP_6_0,0.034941736699691875,0.010706886934633533
Cytoplasm_Texture_Contrast_GFP_3_00_256,0.49399946313064175,0.14149252500190723
Nuclei_RadialDistribution_ZernikeMagnitude_DAPI_7_7,0.08936025532266527,0.02809127442357985
Nuclei_Texture_Contrast_RFP_3_02_256,0.15862346510307254,0.13470465395274353
Cells_Intensity_MaxIntensityEdge_CY5,0.039701371600580175,-0.03483527841636806
Nuclei_RadialDistribution_ZernikeMagnitude_RFP_6_2,0.0035826431719925608,-0.03670004892383993
Cells_RadialDistribution_ZernikePhase_CY5_4_2,-0.09374543252974388,-0.04854455963711938
Nuclei_RadialDistribution_ZernikeMagnitude_CY5_7_7,0.04359901676882947,0.03321725834079116
Nuclei_RadialDistribution_ZernikeMagnitude_RFP_4_2,-0.03338700611974115,-0.004538386322424964
Nuclei_RadialDistribution_ZernikePhase_CY5_4_2,-0.020089935156625056,0.0007690220345728314
Nuclei_RadialDistribution_ZernikePhase_GFP_6_4,0.024923870951711374,0.033145420290564984
Cells_RadialDistribution_ZernikeMagnitude_CY5_5_1,-0.0744106740833721,0.019562270421148758
Cytoplasm_RadialDistribution_ZernikePhase_RFP_9_1,0.018262507492637976,0.01903941855906905
Cytoplasm_RadialDistribution_ZernikePhase_DAPI_9_3,0.05847633086494606,0.05392695528383763
Nuclei_RadialDistribution_ZernikePhase_GFP_8_2,-0.021066708372924407,0.02456799302578531
Cytoplasm_RadialDistribution_ZernikePhase_RFP_9_7,0.00158948292499275,0.0
Cytoplasm_Texture_Contrast_RFP_3_00_256,0.06357663085176815,0.0
Nuclei_Texture_InverseDifferenceMoment_RFP_3_02_256,-0.31453049501169383,-0.1850091336686649
Nuclei_RadialDistribution_ZernikeMagnitude_DAPI_1_1,0.09662945549294248,-0.1610030307970068
Cytoplasm_Correlation_RWC_DAPI_GFP,-0.88379440043305,-0.8439648278002424
Nuclei_RadialDistribution_ZernikePhase_RFP_1_1,-0.011296263198200636,0.005191273119132407
Cytoplasm_Texture_Correlation_DAPI_3_00_256,-0.18186438219184575,-0.02685602951992412
Cytoplasm_RadialDistribution_ZernikePhase_CY5_9_1,0.040599635152023784,0.0753733667429592
Cytoplasm_AreaShape_MinorAxisLength,0.11914010728508372,0.0
Cytoplasm_RadialDistribution_ZernikePhase_GFP_7_1,0.08758646115757665,0.055550255809578133
Nuclei_Texture_Correlation_GFP_3_03_256,0.08658126758938742,0.029805287445719992
Nuclei_AreaShape_Zernike_8_4,0.1186404378181683,0.12158476013339296
Nuclei_Texture_Contrast_DAPI_3_01_256,0.2242041991283089,0.0
Nuclei_AreaShape_Zernike_5_3,-0.027709442696348854,0.06614498748319333
Nuclei_RadialDistribution_ZernikePhase_GFP_7_7,0.0038351592188022683,0.02729760875808923
Cells_Texture_InfoMeas1_RFP_3_02_256,-0.3202493190796108,-0.12139994866351993
Cytoplasm_RadialDistribution_ZernikeMagnitude_DAPI_1_1,-0.15612051124664603,0.04348986771065898
Cytoplasm_RadialDistribution_ZernikePhase_RFP_5_3,-0.04128099826764384,-0.04309445835586678
Cytoplasm_Intensity_MassDisplacement_GFP,0.01594869611709974,0.031771436187414424
Nuclei_RadialDistribution_ZernikeMagnitude_DAPI_4_0,-0.15558629039645888,-0.09935693619213712
Cells_Correlation_Correlation_DAPI_RFP,-0.2283765587034637,-0.3029158204339329
Cytoplasm_AreaShape_Eccentricity,-0.03499314181200121,-0.08384575435791929
Nuclei_RadialDistribution_ZernikePhase_RFP_9_5,0.021869529470867396,-0.007084418049886002
Nuclei_RadialDistribution_ZernikeMagnitude_RFP_2_2,-0.0617352025363333,-0.1540391238922728
Cells_AreaShape_Zernike_5_3,0.05440799420981955,0.05019097919586855
Cells_RadialDistribution_ZernikeMagnitude_DAPI_5_1,-0.026165381549963937,0.12065941762372184
Nuclei_RadialDistribution_ZernikeMagnitude_RFP_9_1,-0.027508222422708103,-0.006122125247245989
Cytoplasm_RadialDistribution_FracAtD_CY5_1of4,0.06496576622624958,-0.0037554066139034387
Nuclei_RadialDistribution_ZernikePhase_GFP_9_3,0.025180496064091663,-0.017208236740810307
Nuclei_RadialDistribution_ZernikePhase_RFP_9_7,0.03714845671537224,0.019139485269702
Cytoplasm_RadialDistribution_RadialCV_RFP_4of4,-0.05221138021660457,-0.0033454742497848943
Nuclei_RadialDistribution_ZernikePhase_DAPI_6_6,-0.002343873540645279,-0.03703014825551152
Nuclei_Correlation_RWC_DAPI_CY5,-0.7723681198295049,-0.3969181891834746
Cells_RadialDistribution_ZernikePhase_RFP_3_1,-0.021636548893358608,-0.016125494355371583
Cytoplasm_RadialDistribution_ZernikeMagnitude_RFP_8_2,-0.01092901316873064,0.0005790189666910827
Cytoplasm_RadialDistribution_ZernikePhase_GFP_9_5,-0.03948876611240207,-0.02745702791375983
Nuclei_RadialDistribution_RadialCV_RFP_1of4,0.00640495864118352,0.05204684869847317
Cells_Correlation_K_DAPI_RFP,-0.28953330612721057,-0.20539982765473805
Cells_Texture_Correlation_GFP_3_02_256,-0.16961340537446576,0.0
Cytoplasm_Texture_InfoMeas1_DAPI_3_01_256,0.4131972776823228,0.40713335911612186
Cytoplasm_AreaShape_Zernike_2_0,-0.3306293419606297,-0.2411686289895054
Cytoplasm_RadialDistribution_ZernikeMagnitude_CY5_4_2,-0.18164640919947564,-0.12403235951975723
Cells_RadialDistribution_ZernikeMagnitude_DAPI_8_0,0.016441118777979585,-0.030902574954767704
Cells_RadialDistribution_ZernikePhase_DAPI_9_5,0.06667260421334621,0.07656636612494015
Nuclei_AreaShape_Zernike_3_3,-0.06629281907578309,-0.11377557109184298
Cells_RadialDistribution_ZernikeMagnitude_DAPI_7_1,0.05186196221739102,-0.02331003339342419
Cells_Texture_InfoMeas1_RFP_3_00_256,-1.3334611793238862,-0.06108019440726464
Nuclei_RadialDistribution_ZernikeMagnitude_CY5_3_3,-0.08113482552193335,0.0470852697672966
Cells_AreaShape_Zernike_7_5,0.04668629625673316,-0.024986598449758535
Nuclei_AreaShape_Solidity,-0.14875338363176818,-0.10719878437181801
Cytoplasm_RadialDistribution_ZernikeMagnitude_RFP_3_3,0.031130849544208784,0.0
Cytoplasm_RadialDistribution_ZernikeMagnitude_DAPI_9_7,0.19694539752760515,0.0
Cytoplasm_RadialDistribution_ZernikePhase_DAPI_9_5,-0.008613662087428614,-0.028466323486888392
Cells_Texture_InfoMeas2_RFP_3_02_256,-0.04127152749968342,0.06606431751164622
Nuclei_RadialDistribution_ZernikePhase_GFP_6_2,-0.0297635695957368,0.028479639355427886
Cells_RadialDistribution_ZernikeMagnitude_RFP_9_1,0.035126163170038215,0.14587252963301026
Nuclei_RadialDistribution_ZernikeMagnitude_RFP_4_0,0.05376653957505808,0.012260977184649968
Cells_RadialDistribution_ZernikePhase_RFP_9_5,-0.025592886541493335,-0.001958020330075962
Nuclei_Correlation_Correlation_CY5_GFP,0.1509902227342362,0.11214798860945707
Nuclei_RadialDistribution_ZernikeMagnitude_DAPI_9_1,-0.00883071772021087,-0.05466092592600172
Nuclei_Texture_Correlation_RFP_3_01_256,-0.03752121290836129,-0.016459925010369487
Nuclei_RadialDistribution_ZernikeMagnitude_DAPI_8_2,-0.0620994151167971,-0.007390898881058243
Cells_Texture_InfoMeas1_CY5_3_01_256,-0.251765063879438,0.07411343389725497
Cells_RadialDistribution_ZernikePhase_CY5_6_4,-0.09813163932787028,-0.016823374442675454
Cells_AreaShape_Zernike_4_2,0.03560235793188892,0.03460743094125978
Nuclei_Correlation_RWC_CY5_RFP,-0.5976489279537126,-0.18093070304444747
Nuclei_Intensity_IntegratedIntensity_DAPI,0.34770496222692604,0.0
Cells_RadialDistribution_FracAtD_RFP_1of4,-0.6040129398825594,-0.18454297191410615
Nuclei_Correlation_Correlation_CY5_DAPI,-0.20535105126963077,-0.36091142746423893
Nuclei_RadialDistribution_ZernikePhase_GFP_4_2,0.015068732616962559,0.034290811222058806
Cytoplasm_Texture_InfoMeas2_GFP_3_00_256,0.811445050608064,0.0
Nuclei_RadialDistribution_ZernikePhase_GFP_5_3,-0.003282520350513055,-0.014444307802833052
Cytoplasm_RadialDistribution_ZernikePhase_CY5_7_3,-0.04055511675618012,-0.03928673918461308
Cytoplasm_AreaShape_Zernike_8_2,-0.045618791057720876,-0.043690925825787964
Cytoplasm_AreaShape_Zernike_8_4,0.0393328968375378,0.053491443872448606
Nuclei_AreaShape_Extent,-0.03777430363357765,-0.05024571618935197
Nuclei_RadialDistribution_ZernikeMagnitude_CY5_5_5,-0.013926917102993258,-0.058602889232390674
Cytoplasm_RadialDistribution_ZernikePhase_CY5_1_1,-0.0195976265731141,0.06647704668334324
Cytoplasm_RadialDistribution_ZernikePhase_GFP_4_2,-0.014379699162650554,0.01884033521353085
Nuclei_RadialDistribution_ZernikeMagnitude_DAPI_5_3,0.0797941352564353,-0.009397262504781305
Cells_RadialDistribution_ZernikePhase_CY5_3_1,0.049950179787776786,0.056813173190954414
Nuclei_RadialDistribution_ZernikeMagnitude_CY5_5_1,-0.02912643277857819,0.03151329810330348
Nuclei_Texture_DifferenceEntropy_RFP_3_02_256,0.32901689121542976,-0.20964508842080837
Cells_RadialDistribution_ZernikeMagnitude_DAPI_8_2,-0.03710199436714887,-0.062409535678044414
Cytoplasm_RadialDistribution_ZernikeMagnitude_CY5_8_4,0.005406170536696818,-0.04905389200997391
Cytoplasm_RadialDistribution_ZernikeMagnitude_DAPI_2_0,-0.5236032463275566,-0.23583604015659312
Cytoplasm_RadialDistribution_ZernikeMagnitude_RFP_9_1,-0.08002483132763173,-0.25377698220979705
Cells_AreaShape_Zernike_8_2,0.04952640478224995,0.027903883234607223
Nuclei_RadialDistribution_ZernikeMagnitude_RFP_5_1,-0.021607225274475284,-0.00258551408446706
Cytoplasm_RadialDistribution_RadialCV_DAPI_2of4,0.007533897550085854,0.012314485268112678
Cells_Texture_Correlation_DAPI_3_01_256,-1.2858435231886016,-0.526895484621104
Cells_RadialDistribution_ZernikePhase_GFP_3_3,0.0023716399776389143,0.04956309511885427
Nuclei_RadialDistribution_RadialCV_GFP_1of4,-0.020728728276155253,-0.01562708379833434
Cytoplasm_RadialDistribution_ZernikePhase_DAPI_7_7,0.028483124594935797,0.06703227230253718
Nuclei_Intensity_IntegratedIntensity_RFP,0.18682170524231248,0.6955634201491337
Cells_RadialDistribution_RadialCV_RFP_4of4,-0.12302111788581674,-0.16651209225470393
Nuclei_RadialDistribution_ZernikePhase_CY5_9_5,-0.021607554336357405,-0.0187593609325515
Cytoplasm_RadialDistribution_FracAtD_DAPI_1of4,0.13050806729807857,0.0
Cytoplasm_RadialDistribution_ZernikeMagnitude_CY5_6_2,-0.024293889572457848,-0.020623022340282387
Cytoplasm_RadialDistribution_ZernikeMagnitude_CY5_4_0,-0.06541053670366674,-0.23564058571056232
Nuclei_RadialDistribution_ZernikePhase_CY5_2_2,0.0056471887885993334,0.0
Nuclei_Correlation_RWC_CY5_DAPI,0.4058510575755993,0.146687214411048
Nuclei_Intensity_MaxIntensity_RFP,-0.1076641411851677,0.09873691752045047
Cytoplasm_RadialDistribution_ZernikePhase_GFP_7_5,-0.03968532381193922,-0.053973721413330254
Nuclei_AreaShape_Zernike_8_0,0.1145299463142939,0.1260704859843375
Cytoplasm_Correlation_K_RFP_CY5,-0.24105965079922878,0.16941018331971983
Cytoplasm_RadialDistribution_ZernikePhase_RFP_8_2,-0.07393759085154941,-0.03603472427044843
Cytoplasm_RadialDistribution_ZernikePhase_RFP_9_3,-0.06387609628873295,-0.052042463628977284
Cells_Neighbors_SecondClosestDistance_Adjacent,-0.07302979407044043,0.0
Nuclei_Correlation_Overlap_DAPI_RFP,0.014121812929173234,0.06559386437076242
Cells_RadialDistribution_ZernikePhase_GFP_5_1,0.021099484805311448,0.03652034500318638
Nuclei_RadialDistribution_FracAtD_RFP_1of4,-0.15275527711802078,0.2680479538010342
Cells_RadialDistribution_ZernikeMagnitude_GFP_8_2,0.23689040871189507,0.1127472026245567
Cells_RadialDistribution_ZernikePhase_RFP_7_3,0.0024010283859799003,0.01370374302435264
Nuclei_RadialDistribution_ZernikeMagnitude_GFP_9_9,-0.0638667086203823,-0.062193968101235654
Cells_RadialDistribution_ZernikeMagnitude_GFP_8_0,0.07615242164785406,0.04596277232239511
Nuclei_RadialDistribution_ZernikeMagnitude_CY5_8_0,0.0671097213875425,0.028806272714006598
Nuclei_Correlation_Correlation_GFP_RFP,-0.018704172392072893,0.0798946171026015
Cytoplasm_Intensity_MeanIntensityEdge_CY5,-1.1333678616923262,-0.10870063264290625
Cytoplasm_RadialDistribution_ZernikeMagnitude_RFP_7_1,-0.021572877328642125,0.0012933893863943998
Cytoplasm_RadialDistribution_ZernikePhase_DAPI_5_5,-0.013089794844572487,-0.0026711479916228307
Cytoplasm_RadialDistribution_ZernikeMagnitude_DAPI_8_0,0.06268527646757797,0.013142381577956051
Nuclei_Correlation_RWC_DAPI_GFP,0.8050328699692321,0.3220811989182028
Nuclei_RadialDistribution_MeanFrac_CY5_2of4,-1.2154559198785049,0.016652532957849395
Nuclei_Correlation_Correlation_DAPI_GFP,-0.37200373459124964,-0.29874237183269536
Cytoplasm_RadialDistribution_ZernikePhase_DAPI_2_2,0.05251052174067028,0.035808517015127994
Nuclei_Correlation_K_GFP_DAPI,-0.07833325510257447,0.3279606019733275
Cytoplasm_RadialDistribution_ZernikeMagnitude_CY5_2_0,-0.1424270708605888,-0.359488632616224
Cells_Granularity_1_GFP,0.1510616619448739,0.0
Nuclei_RadialDistribution_ZernikePhase_DAPI_7_7,0.014388421351864088,0.029556068102117965
Cells_RadialDistribution_ZernikePhase_GFP_8_4,0.02633896481905188,0.03173414007362374
Cytoplasm_RadialDistribution_RadialCV_GFP_4of4,-0.05501162378905817,-0.06882860268989806
Cells_RadialDistribution_ZernikeMagnitude_CY5_8_0,-0.14402722282448946,-0.10666141630568461
Nuclei_RadialDistribution_RadialCV_RFP_3of4,0.13333614026100377,0.02492809702338426
Cells_Granularity_1_DAPI,0.9494906405623714,0.6075978659341239
Cytoplasm_RadialDistribution_ZernikeMagnitude_CY5_9_3,-0.022617936667541794,0.055425289653838035
Cells_RadialDistribution_ZernikePhase_RFP_6_2,0.003751039126474781,0.01529756371016357
Cells_RadialDistribution_RadialCV_CY5_2of4,0.05958106086029568,0.03801573999936356
Cells_AreaShape_MedianRadius,0.5084749462206436,0.33035258573625775
Nuclei_RadialDistribution_ZernikePhase_DAPI_9_9,0.008359163241014825,-0.011238132708189831
Cells_RadialDistribution_MeanFrac_RFP_4of4,0.07405777549224667,0.04331171139509027
Cells_RadialDistribution_ZernikeMagnitude_CY5_6_2,0.18114788550738725,0.06670458896287396
Cytoplasm_Texture_SumVariance_GFP_3_03_256,0.2599743531034816,0.31628725053951295
Cells_Correlation_RWC_DAPI_GFP,-0.30467887889526585,-0.27742397986184314
Cells_RadialDistribution_RadialCV_RFP_2of4,0.03811781889145889,0.004486247032897238
Cells_Texture_InfoMeas1_DAPI_3_01_256,0.23354401074511438,0.13331249800923473
Nuclei_AreaShape_Zernike_9_1,0.004566999319624953,0.03513757514936889
Nuclei_Texture_Correlation_GFP_3_01_256,-0.0019372837811476478,-0.05819586299341797
Cytoplasm_Intensity_UpperQuartileIntensity_GFP,-0.5953589462798135,-0.5514251503202108
Cytoplasm_RadialDistribution_ZernikeMagnitude_CY5_9_5,0.011552054629851408,0.0
Cells_Intensity_MaxIntensity_CY5,0.04449428268615113,0.0959281190353146
Cytoplasm_RadialDistribution_ZernikeMagnitude_GFP_5_1,-0.12886332213039525,0.09401715898244156
Cells_RadialDistribution_ZernikeMagnitude_RFP_5_1,-0.05109673837361645,-0.03720621198806907
Nuclei_RadialDistribution_ZernikeMagnitude_RFP_6_4,-0.056400251153969565,-0.08991090915575016
Cytoplasm_RadialDistribution_ZernikePhase_RFP_7_1,0.0250622988414023,0.009015007098425518
Cells_RadialDistribution_ZernikeMagnitude_DAPI_9_1,-0.07661933097188786,-0.08612501944042814
Nuclei_RadialDistribution_ZernikeMagnitude_DAPI_8_6,0.05242950531282304,0.037075473322724706
Cells_RadialDistribution_ZernikeMagnitude_CY5_9_1,-0.011190873917176271,-0.08151244451752651
Cells_RadialDistribution_MeanFrac_RFP_2of4,-0.18626139794923485,-0.07032467064605681
Nuclei_RadialDistribution_RadialCV_CY5_3of4,0.15913947970479983,0.23218913807813407
Nuclei_RadialDistribution_ZernikeMagnitude_GFP_9_3,-0.06858616199510359,-0.061969696143686165
Cytoplasm_Intensity_IntegratedIntensityEdge_DAPI,-1.6096870169630406,-1.523350759446674
Cells_RadialDistribution_ZernikePhase_RFP_8_2,-0.03367138017164652,0.026427310171539025
Nuclei_Texture_Correlation_RFP_3_00_256,-0.18466512614243064,-0.11997586634009927
Cells_RadialDistribution_ZernikePhase_RFP_1_1,-0.0820510351298672,-0.03428096791524432
Cells_RadialDistribution_ZernikePhase_DAPI_9_7,0.013320229443531822,0.01602538945016151
Nuclei_Correlation_RWC_RFP_DAPI,-0.3572002478183204,-0.08322970591031933
Cytoplasm_RadialDistribution_FracAtD_RFP_1of4,-0.577883521481809,0.14682736160582943
Nuclei_RadialDistribution_ZernikePhase_CY5_7_3,0.001509053358813542,-0.0015186134234827806
Nuclei_RadialDistribution_ZernikePhase_DAPI_3_1,0.029164922076219107,0.038004393976861894
Cells_RadialDistribution_ZernikePhase_CY5_1_1,-0.10874552185709112,-0.04293797469470314
Cytoplasm_Correlation_Correlation_DAPI_GFP,-0.2978684655777525,0.0920165171532313
Nuclei_Correlation_RWC_DAPI_RFP,0.37931255382026247,0.29785677444185815
Nuclei_RadialDistribution_RadialCV_GFP_2of4,0.12537299527614168,0.13167411760615835
Cells_RadialDistribution_RadialCV_GFP_3of4,0.13995488459501865,0.07597972392597803
Nuclei_Texture_Correlation_CY5_3_00_256,0.030395471956047034,0.05341691934554886
Nuclei_RadialDistribution_ZernikeMagnitude_DAPI_3_1,0.11176092026703288,0.1275399675407177
Cells_RadialDistribution_ZernikePhase_CY5_3_3,-0.03694093963992756,-0.13460985687882326
Cytoplasm_RadialDistribution_ZernikeMagnitude_DAPI_5_1,0.0394848469729309,0.06758510799676817
Cytoplasm_RadialDistribution_ZernikePhase_DAPI_4_4,0.013386858689593172,0.04521619147095851
Nuclei_Granularity_1_GFP,0.10790674433449941,0.09072481391199495
Nuclei_RadialDistribution_ZernikeMagnitude_CY5_9_9,0.006675627301365728,-0.031090545558595358
Cytoplasm_RadialDistribution_ZernikeMagnitude_DAPI_9_5,-0.22425393117270354,-0.1808209627598472
Nuclei_Intensity_IntegratedIntensity_CY5,-0.7451499410379271,-0.13401330068525683
Nuclei_AreaShape_Zernike_8_6,0.03097304313029152,0.09489574633467518
Nuclei_RadialDistribution_ZernikeMagnitude_GFP_8_8,-0.1020065145529991,-0.060207040688656704
Cells_RadialDistribution_ZernikePhase_DAPI_5_5,-0.05773564160970325,-0.059963972652792435
Nuclei_RadialDistribution_ZernikeMagnitude_DAPI_6_2,-0.05731071361218546,-0.10634810339762883
Nuclei_RadialDistribution_ZernikeMagnitude_GFP_3_3,0.13044063414353446,0.016424673128335933
Cytoplasm_Correlation_RWC_DAPI_RFP,-0.1279420352470231,-0.005585261198643371
Nuclei_Correlation_Correlation_CY5_RFP,0.06852482852415152,0.056176047573972016
Cytoplasm_RadialDistribution_ZernikeMagnitude_GFP_6_0,-0.027402693985391385,0.07308963847249662
Cytoplasm_RadialDistribution_ZernikePhase_CY5_3_3,0.08732576509806471,0.10831150780954524
Cells_RadialDistribution_ZernikePhase_DAPI_8_8,-0.0468129861994208,0.012632579776471076
Cells_RadialDistribution_ZernikeMagnitude_DAPI_6_0,0.12832725214013246,0.03405556268558131
Cytoplasm_RadialDistribution_ZernikePhase_RFP_6_2,0.005317495926101672,0.019582158661386673
Cytoplasm_RadialDistribution_ZernikeMagnitude_GFP_9_3,-0.03387910446203623,-0.0902161914864032
Cytoplasm_Texture_Correlation_DAPI_3_01_256,-0.5217597452215235,-0.4037644214163905
Cells_Texture_Correlation_DAPI_3_02_256,1.3299458350179407,0.5428130750357316
Cells_RadialDistribution_ZernikePhase_CY5_7_5,0.045708537920537806,0.04421888215565697
Cells_RadialDistribution_RadialCV_GFP_4of4,0.020496582048492695,-0.01650793320995233
Cells_RadialDistribution_ZernikePhase_GFP_7_3,-0.0450418250807825,-0.060589410059917796
Cytoplasm_RadialDistribution_ZernikePhase_DAPI_8_4,-0.06918063979157645,-0.05324769134129459
Cells_RadialDistribution_ZernikeMagnitude_DAPI_9_3,-0.05586112794830076,-0.055911304358510196
Cells_AreaShape_Area,-0.6447025316538071,0.0
Nuclei_RadialDistribution_ZernikeMagnitude_RFP_2_0,-0.034569989196227544,-0.20345715895322303
Cytoplasm_RadialDistribution_ZernikeMagnitude_GFP_2_0,0.318036700718768,0.16833226110569316
Cells_RadialDistribution_ZernikePhase_GFP_9_3,-0.04752096251643913,-0.03831225187208122
Nuclei_RadialDistribution_ZernikeMagnitude_GFP_7_7,0.01772628315028843,0.1241718641499588
Nuclei_AreaShape_Zernike_3_1,-0.02437346091123935,-0.04948891676136025
Nuclei_RadialDistribution_FracAtD_DAPI_4of4,3.6403079061162473,0.5871815222258928
Nuclei_RadialDistribution_ZernikePhase_RFP_6_4,-0.027596232184350315,-0.05316253014285312
Nuclei_RadialDistribution_ZernikePhase_RFP_8_4,-0.008169837416695639,-0.05728396794765518
Cells_RadialDistribution_ZernikePhase_DAPI_6_6,0.0011146314314787317,-0.022890799385567512
Nuclei_RadialDistribution_ZernikePhase_GFP_5_1,-0.025932811159380374,-0.031992991030012984
Nuclei_RadialDistribution_ZernikeMagnitude_RFP_8_2,0.03455805577305294,0.05890981542524167
Cytoplasm_Correlation_RWC_RFP_CY5,0.19114489863180897,0.2971372600857061
Cells_RadialDistribution_MeanFrac_RFP_3of4,-0.07412466745242659,0.06186863281896353
Cells_RadialDistribution_MeanFrac_DAPI_3of4,-0.15816444011135866,-0.13569326740558665
Cells_RadialDistribution_MeanFrac_DAPI_1of4,-0.23701175607139008,-0.1935006905326986
Cytoplasm_RadialDistribution_MeanFrac_RFP_1of4,0.23380563154903633,-0.07522707622212302
Cells_Texture_Contrast_DAPI_3_00_256,0.2656373231903996,-0.016029986178728448
Cells_Intensity_MaxIntensityEdge_GFP,0.16326962062318287,0.13459309245416642
Nuclei_AreaShape_FormFactor,-0.24006503910861132,-0.380526067775336
Nuclei_RadialDistribution_RadialCV_RFP_4of4,0.29774304294246273,0.24877204601640118
Cytoplasm_RadialDistribution_FracAtD_DAPI_3of4,0.21644442666868982,-0.030343826964265158
Nuclei_Intensity_StdIntensityEdge_DAPI,0.047616324963932456,0.12773208231887323
Cytoplasm_Texture_InverseDifferenceMoment_RFP_3_03_256,0.0914661597748093,0.0
Cytoplasm_Texture_Contrast_GFP_3_01_256,-0.29142869331159554,-0.19998441380192541
Cytoplasm_AreaShape_Zernike_4_2,-0.04475952072003066,-0.0006382431864881673
Nuclei_RadialDistribution_ZernikeMagnitude_RFP_9_7,0.014066417538225332,0.09386497245709892
Nuclei_Texture_Correlation_DAPI_3_03_256,0.5642111818673877,0.4165397120439798
Cytoplasm_Texture_Correlation_GFP_3_00_256,0.2930261179350729,-0.08176750019396117
Cells_RadialDistribution_ZernikePhase_RFP_5_1,-0.021119571684130103,-0.04159151313337142
Nuclei_RadialDistribution_ZernikePhase_DAPI_5_1,0.01338448902008837,0.02407396643903031
Cells_RadialDistribution_ZernikeMagnitude_GFP_5_1,-0.02692376853893279,-0.17033126526814893
Cytoplasm_AreaShape_Zernike_9_5,0.09652356234165688,0.0045656986610830876
Cells_RadialDistribution_RadialCV_DAPI_1of4,0.002579940196417414,0.0081516334378644
Nuclei_Intensity_MADIntensity_CY5,0.3420853269779571,0.004805973671944175
Cytoplasm_RadialDistribution_ZernikeMagnitude_DAPI_8_2,-0.026091921156842827,-0.08515794473908982
Cytoplasm_RadialDistribution_ZernikePhase_CY5_5_1,-0.030864052643980282,-0.014015523517530255
Cells_RadialDistribution_ZernikePhase_CY5_9_3,-0.028192411319289602,0.020049052486195942
Nuclei_Intensity_MinIntensity_GFP,0.37041584690920154,0.55609600457561
Cells_RadialDistribution_MeanFrac_DAPI_4of4,-0.3407630132700716,-0.29456261722906524
Nuclei_RadialDistribution_FracAtD_GFP_4of4,-0.25894991295252656,0.07870090211520557
Cytoplasm_RadialDistribution_ZernikeMagnitude_GFP_9_9,-0.05394931706999057,0.0
Cytoplasm_RadialDistribution_ZernikePhase_GFP_9_3,0.08878369322262693,0.048111493147040996
Nuclei_RadialDistribution_ZernikePhase_CY5_6_4,-0.0328546209349171,-0.005459192502615693
Nuclei_RadialDistribution_ZernikePhase_GFP_9_1,-0.04653487833483467,-0.027711663406566535
Cytoplasm_RadialDistribution_ZernikeMagnitude_CY5_3_1,-0.380613912943654,0.027602939983027725
Cells_Intensity_IntegratedIntensityEdge_CY5,-0.4045776369434547,0.43130537765612237
Nuclei_RadialDistribution_ZernikeMagnitude_CY5_7_3,-0.04536921638116562,-0.04835937381477321
Cells_RadialDistribution_ZernikePhase_CY5_8_2,0.05361827166546476,0.027016897886297964
Cells_RadialDistribution_RadialCV_DAPI_4of4,0.008270303247713804,0.014253893091346543
Cells_Correlation_RWC_CY5_GFP,0.3886347966537192,0.0
Cells_RadialDistribution_ZernikePhase_DAPI_8_6,-0.03644763631238275,-0.010565152240350099
Cytoplasm_RadialDistribution_ZernikePhase_GFP_9_7,-0.05754363624606756,0.0
Cells_RadialDistribution_RadialCV_CY5_3of4,-0.3481377970875416,-0.2552733544561213
Cytoplasm_Texture_InfoMeas1_GFP_3_00_256,1.6059700463465054,0.5110839678363148
Cytoplasm_AreaShape_Zernike_9_1,0.025294977920995096,0.13640845044746394
Cells_Texture_Correlation_DAPI_3_00_256,0.9016410325914112,0.32647143811161716
Cytoplasm_RadialDistribution_ZernikeMagnitude_RFP_3_1,-0.1653254473653876,-0.14879343029008446
Cytoplasm_Intensity_LowerQuartileIntensity_GFP,0.2352113740698025,0.2948154067739186
Nuclei_RadialDistribution_ZernikePhase_CY5_7_1,0.01908774136472584,0.0016505434708478637
Nuclei_Texture_InfoMeas1_RFP_3_01_256,-0.12316451563685787,-0.09056833235489369
Cytoplasm_RadialDistribution_ZernikeMagnitude_DAPI_7_3,-0.10626125320294033,-0.13067947514939326
Cells_Correlation_Correlation_CY5_DAPI,-1.088897662086195,-0.5666892584316283
Cells_RadialDistribution_ZernikePhase_DAPI_7_7,-0.00139582232074449,-0.04760195202397682
Cells_RadialDistribution_ZernikeMagnitude_GFP_8_4,-0.06070002140085733,-0.15451839082485558
Nuclei_RadialDistribution_ZernikePhase_CY5_9_1,0.03630722485446171,0.06858968885352869
Cytoplasm_RadialDistribution_ZernikePhase_CY5_8_4,0.027018353306788832,-0.00197681482868334
Cytoplasm_Texture_Correlation_DAPI_3_03_256,-0.4901330236162829,-0.36055342771645205
Cells_RadialDistribution_FracAtD_GFP_1of4,0.3082230716226932,0.2571370441434521
Nuclei_RadialDistribution_ZernikeMagnitude_RFP_3_1,-0.06935811006800463,-0.054281024326191016
Cells_RadialDistribution_ZernikePhase_CY5_4_4,-0.045835367220052284,-0.06175724444615683
Nuclei_RadialDistribution_FracAtD_RFP_4of4,-1.635261130489637,-0.3677541486450866
Nuclei_RadialDistribution_ZernikeMagnitude_DAPI_9_3,-0.04697578555398109,-0.03286656533309634
Nuclei_RadialDistribution_ZernikePhase_DAPI_4_4,-0.015577121133212787,0.03050224747775859
Nuclei_RadialDistribution_ZernikePhase_DAPI_7_3,0.006361244150429863,0.02105076513249844
Cytoplasm_RadialDistribution_RadialCV_RFP_2of4,0.1260656954091656,0.10829984648429716
Nuclei_RadialDistribution_MeanFrac_GFP_1of4,0.3350277910869924,0.2382685893590561
Nuclei_RadialDistribution_ZernikeMagnitude_GFP_5_1,-0.005358384063310977,0.0068145266055705
Nuclei_Texture_Correlation_GFP_3_00_256,-0.05380984799304261,0.030327861255391744
Nuclei_RadialDistribution_ZernikePhase_RFP_2_2,0.03401092611327727,0.01747943197011442
Nuclei_Correlation_Correlation_DAPI_RFP,-0.1268843985182882,-0.025765182494260075
Nuclei_RadialDistribution_ZernikePhase_GFP_9_5,0.0350296381385577,-0.011501371732427637
Nuclei_RadialDistribution_ZernikePhase_RFP_7_1,0.004127567594929962,-0.0364172605151245
Nuclei_RadialDistribution_ZernikePhase_DAPI_9_7,-0.027576072126538936,-0.0004797371518292205
Nuclei_Intensity_MaxIntensity_GFP,0.1802393174412931,0.21869121391772806
Cells_RadialDistribution_FracAtD_DAPI_3of4,-0.01620749872102438,-0.023240444426374185
Nuclei_RadialDistribution_ZernikePhase_DAPI_8_4,-0.008925565836696719,-0.024738586149685958
Cells_RadialDistribution_ZernikePhase_GFP_1_1,0.0684503451464404,0.009834530037131748
Cells_RadialDistribution_ZernikePhase_DAPI_9_9,0.03166595575215869,0.05222714359456207
Cytoplasm_RadialDistribution_ZernikePhase_DAPI_5_1,0.016055352611021593,-0.008866989936600806
Nuclei_AreaShape_Zernike_4_2,-0.001443984976369606,-0.033339400839256114
Cytoplasm_RadialDistribution_ZernikePhase_CY5_3_1,-0.037525001350059005,0.021010882244948615
Nuclei_AreaShape_Zernike_0_0,0.4236793577349935,0.5751325015592798
Cytoplasm_AreaShape_Zernike_8_0,0.02839440935096717,0.037059188196950324
Cytoplasm_Intensity_StdIntensity_DAPI,1.0988708905091744,0.8619516272054977
Cells_Correlation_Overlap_DAPI_RFP,-0.08710791444110398,-0.1275610315657636
Nuclei_Correlation_RWC_CY5_GFP,-0.25904515560267183,-0.2260601442809488
Cells_RadialDistribution_ZernikeMagnitude_CY5_4_0,-0.037910539175585956,0.3322914338651552
Nuclei_RadialDistribution_FracAtD_DAPI_3of4,1.785063249013801,0.1512645858189691
Cells_RadialDistribution_ZernikePhase_CY5_5_3,0.11789406464512817,0.004323501260074034
Nuclei_RadialDistribution_ZernikePhase_CY5_7_7,-0.03980369461893106,-0.0420565098941232
Cytoplasm_Intensity_MaxIntensityEdge_CY5,-0.2935817095322982,-0.13258908390150578
Cells_RadialDistribution_ZernikePhase_GFP_3_1,-0.033474923909874194,-0.08226631103624847
Cytoplasm_Correlation_K_DAPI_GFP,-0.46847989564719317,-0.23543584955129307
Nuclei_RadialDistribution_MeanFrac_CY5_4of4,0.3967042468613997,-0.010548218414926975
Cytoplasm_Texture_Contrast_DAPI_3_03_256,-0.21077577732135816,-0.17643821124934075
Nuclei_RadialDistribution_ZernikePhase_RFP_8_8,-0.0012564096887742473,0.015028371626710774
Cytoplasm_RadialDistribution_ZernikePhase_GFP_5_3,-0.06378174667156053,-0.051015750475250386
Nuclei_RadialDistribution_MeanFrac_GFP_2of4,0.0067172613757747746,-0.03612338534695371
Cells_RadialDistribution_ZernikePhase_CY5_6_6,0.004267635993522906,0.032126977542040476
Cytoplasm_RadialDistribution_ZernikePhase_GFP_1_1,-0.01379747056349484,-0.04461275302163474
Cells_Intensity_MaxIntensityEdge_RFP,-0.2271875871602272,-0.28358329269805244
Cells_RadialDistribution_MeanFrac_GFP_2of4,0.08658779041092442,0.09219954076310843
Cytoplasm_RadialDistribution_ZernikePhase_DAPI_7_5,-0.02731149314313817,-0.01966910055134914
Cells_RadialDistribution_ZernikePhase_DAPI_9_1,-0.002502046589657071,0.01812848523887132
Nuclei_Texture_Contrast_RFP_3_01_256,0.02222309598801182,-0.014043607402852492
Nuclei_AreaShape_Zernike_9_3,0.02001383727704425,0.02265966230620799
Nuclei_Correlation_Overlap_DAPI_GFP,0.2225963584130808,0.154450481946812
Nuclei_RadialDistribution_ZernikeMagnitude_RFP_7_3,0.08370968813638388,0.07050286338024365
Cells_Texture_InfoMeas1_DAPI_3_03_256,-0.36293087785481865,-0.4524472418815517
Nuclei_RadialDistribution_ZernikePhase_CY5_3_3,0.0124228202598565,-0.01035768191612339
Nuclei_Correlation_Overlap_GFP_RFP,-0.06742535463844283,-0.12722830431513887
Cytoplasm_RadialDistribution_ZernikeMagnitude_RFP_9_3,0.055957893437655955,-0.07134785860492422
Cells_RadialDistribution_ZernikeMagnitude_RFP_7_3,0.23125227912916274,0.007628110295682987
Nuclei_RadialDistribution_ZernikeMagnitude_RFP_8_8,0.1555900893642625,0.10108519308096112
Nuclei_RadialDistribution_FracAtD_RFP_2of4,-0.9247899711780754,0.377220716825849
Nuclei_RadialDistribution_ZernikeMagnitude_CY5_1_1,0.1222049516760753,0.19700030265432728
Cells_RadialDistribution_ZernikePhase_GFP_9_5,0.046553923064893275,0.05935555341525839
Cells_RadialDistribution_ZernikeMagnitude_DAPI_3_1,0.15071974351552117,-0.13311585534170736
Nuclei_RadialDistribution_FracAtD_DAPI_1of4,0.1289593457269417,-0.06696058783554597
Nuclei_RadialDistribution_ZernikePhase_CY5_5_3,0.013927709688146257,0.05125169687375171
Nuclei_RadialDistribution_ZernikeMagnitude_RFP_8_0,-0.05704996736108268,-0.11407717860462281
Nuclei_RadialDistribution_ZernikePhase_GFP_8_4,-0.004534401326474719,0.014023671369467413
Cells_RadialDistribution_ZernikePhase_RFP_8_4,-0.011265472389830755,-0.013497140354739257
Cells_Texture_InfoMeas1_GFP_3_02_256,0.5461755225742332,0.3118535704150101
Cytoplasm_RadialDistribution_RadialCV_CY5_2of4,-0.00033529632353064104,-0.022471304150924288
Cells_Intensity_StdIntensityEdge_RFP,0.4343693486659648,0.4710367807076383
Cells_RadialDistribution_ZernikePhase_DAPI_9_3,0.04584009162860353,0.03229077954578962
Cells_Texture_Contrast_DAPI_3_01_256,-0.5976878327407301,0.056589602383491776
Cytoplasm_RadialDistribution_ZernikeMagnitude_RFP_1_1,0.22618814281218694,0.10797500361905794
Cells_RadialDistribution_ZernikePhase_CY5_9_1,-0.009650231248123486,0.00502036334039988
Nuclei_RadialDistribution_RadialCV_DAPI_3of4,-0.16639063740665908,-0.09300797666971158
Cytoplasm_Texture_Correlation_GFP_3_02_256,0.16586220095782042,0.20968639268512218
Cytoplasm_Texture_Correlation_GFP_3_03_256,0.16983009317677464,-0.0031995253617389608
Nuclei_RadialDistribution_ZernikeMagnitude_GFP_9_1,0.083866313244935,0.09815840981699728
Nuclei_RadialDistribution_ZernikePhase_DAPI_9_1,-0.04734277872546725,-0.055569729294658435
Nuclei_AreaShape_Zernike_2_2,0.46843613219768176,0.343610302382208
Cytoplasm_Correlation_K_DAPI_RFP,0.07271157873197462,-0.09843249534405363
Nuclei_AreaShape_Zernike_4_4,0.07525111957260562,0.0279779606645831
Cytoplasm_Correlation_RWC_DAPI_CY5,-0.039494309889630194,0.006667896554716348
Cells_Texture_SumAverage_DAPI_3_00_256,-0.5313872792256226,0.2182547842648744
Nuclei_RadialDistribution_ZernikeMagnitude_DAPI_9_5,-0.02791257989451422,0.014202892428453122
Cells_Texture_InfoMeas1_RFP_3_03_256,0.3906918458300075,-0.11090904095944008
Cells_RadialDistribution_ZernikePhase_DAPI_4_2,-0.02940943176816307,0.007104085466170076
Cells_RadialDistribution_ZernikePhase_GFP_5_3,0.03319936150386108,0.04905449949486662
Nuclei_Texture_InverseDifferenceMoment_RFP_3_03_256,0.13926473684741777,-0.0016726924014762309
Cytoplasm_RadialDistribution_ZernikePhase_RFP_5_1,-0.0016088987530702556,0.032338536368209256
Nuclei_Texture_Correlation_RFP_3_03_256,-0.014248375557904506,0.046577304238637214
Nuclei_RadialDistribution_ZernikePhase_CY5_9_7,0.038104581066306965,0.031993960371363706
Nuclei_Texture_InfoMeas2_RFP_3_00_256,-0.13457230714962037,0.03721141772051197
Cells_RadialDistribution_ZernikePhase_DAPI_8_4,-0.06271006228332213,0.005700926704209515
Cells_Intensity_UpperQuartileIntensity_DAPI,-0.199242379805175,-0.1797958766166382
Cytoplasm_RadialDistribution_ZernikeMagnitude_RFP_2_0,0.676867873712342,0.5767568698852571
Cytoplasm_RadialDistribution_ZernikeMagnitude_GFP_1_1,0.030377660658302514,0.02774214139166597
Cytoplasm_RadialDistribution_FracAtD_RFP_3of4,-0.8131104641058826,-0.061826339946123535
Cells_Intensity_MeanIntensityEdge_DAPI,-0.5861501308322147,-0.41357819907312904
Nuclei_RadialDistribution_ZernikeMagnitude_CY5_9_7,0.050120571765559924,0.012713895888941097
Cytoplasm_Texture_InfoMeas1_DAPI_3_02_256,-0.8297708570279977,-0.6477518796000458
Nuclei_RadialDistribution_ZernikePhase_CY5_6_6,-0.03185922858793668,-0.024014391890421122
Cells_Texture_InfoMeas2_GFP_3_00_256,-0.579584716051133,0.24768276666239888
Nuclei_AreaShape_Zernike_9_5,0.034412830406184626,0.06971940717580523
Nuclei_RadialDistribution_ZernikePhase_DAPI_6_2,-0.06690181119863177,-0.007577714862747698
Nuclei_RadialDistribution_ZernikePhase_DAPI_7_5,-0.007780921029574434,-0.016283482012094813
Nuclei_RadialDistribution_ZernikeMagnitude_CY5_5_3,0.015082212469200305,-0.07375512306534654
Nuclei_RadialDistribution_RadialCV_DAPI_2of4,-0.06763604495194404,-0.04484657759257045
Nuclei_RadialDistribution_ZernikePhase_CY5_8_8,0.020848007690318457,-0.027218187888478223
Cytoplasm_RadialDistribution_ZernikeMagnitude_CY5_9_7,0.006870480421935933,0.0
Cytoplasm_RadialDistribution_ZernikeMagnitude_GFP_8_2,-0.36046092549570363,-0.2751856958278154
Cells_AreaShape_Zernike_6_4,0.007071413299726573,0.0
Nuclei_RadialDistribution_ZernikePhase_DAPI_7_1,0.0138707955337871,-0.015343957946815184
Cytoplasm_RadialDistribution_ZernikePhase_RFP_4_2,0.02167223373062634,0.026845196425452106
Nuclei_AreaShape_Zernike_9_9,0.05799128503319431,0.08771883584531562
Cells_RadialDistribution_MeanFrac_CY5_1of4,-0.09977037671160416,-0.014177224574408412
Cells_Texture_InfoMeas1_GFP_3_01_256,0.3316203912646295,-0.0031178081760575163
Nuclei_RadialDistribution_ZernikeMagnitude_DAPI_2_0,0.64588249562956,0.532743337255288
Cells_Texture_InfoMeas1_RFP_3_01_256,0.7186279822707067,0.26150720438358505
Nuclei_RadialDistribution_ZernikeMagnitude_CY5_4_2,0.2906221510776083,0.07451551159119763
Cells_AreaShape_Zernike_7_3,-0.10991908168188662,-0.04851655055190824
Cells_Texture_Correlation_RFP_3_01_256,-0.06288357250077357,0.0
Cytoplasm_RadialDistribution_MeanFrac_DAPI_3of4,-0.3316072309425522,-0.5527013589554561
Cytoplasm_Texture_InfoMeas1_GFP_3_03_256,-0.2823387379908434,0.018442709929183364
Cytoplasm_RadialDistribution_ZernikePhase_CY5_8_6,0.0249086361238248,0.0
Cytoplasm_RadialDistribution_ZernikeMagnitude_GFP_4_0,0.12413071073590493,0.14033092593936905
Cytoplasm_RadialDistribution_ZernikeMagnitude_RFP_6_0,0.012511434814896116,0.02054423014523144
Cells_RadialDistribution_ZernikeMagnitude_CY5_7_1,-0.03608452462156466,0.0901686949890495
Cells_RadialDistribution_ZernikePhase_GFP_8_2,0.05693265466386894,0.033953286056440726
Nuclei_RadialDistribution_ZernikePhase_DAPI_8_6,-0.013191907571105641,-0.011655284139782994
Nuclei_Texture_AngularSecondMoment_GFP_3_01_256,0.5239482905056462,0.0
Cells_RadialDistribution_FracAtD_RFP_3of4,0.046103357494818704,0.06080237079988861
Nuclei_Texture_Contrast_RFP_3_00_256,0.061767550247720064,0.08435029879482928
Cells_RadialDistribution_ZernikePhase_RFP_9_1,-0.030343488503160782,-0.002569975392813211
Nuclei_RadialDistribution_MeanFrac_RFP_3of4,-0.7135480631105353,0.020869637200877166
Cells_RadialDistribution_MeanFrac_GFP_3of4,0.22010285456798648,0.05120353716797367
Cells_Texture_InfoMeas1_CY5_3_03_256,0.13571944582107645,0.2886935139310005
Nuclei_AreaShape_Zernike_6_6,0.031343776705582936,0.09108336050662312
Nuclei_RadialDistribution_MeanFrac_RFP_2of4,0.15789655216413898,-0.22551351501534583
Cells_RadialDistribution_ZernikeMagnitude_CY5_7_3,0.010651582680993268,0.2728064510458962
Cytoplasm_Texture_Contrast_DAPI_3_02_256,-0.1581531002134344,0.0
Nuclei_Intensity_LowerQuartileIntensity_CY5,1.2045066824158346,0.0
Nuclei_RadialDistribution_ZernikePhase_RFP_7_5,0.02284841955211493,-0.005363807969589323
Cytoplasm_RadialDistribution_ZernikePhase_CY5_8_2,-0.06395345768407401,-0.05122713397526261
Cytoplasm_AreaShape_Zernike_9_3,-0.03426014273210929,0.019465859962478897
Cytoplasm_RadialDistribution_ZernikePhase_RFP_3_1,-0.020611557497112475,0.0031099011263691864
Cells_AreaShape_Zernike_8_0,-0.03130867876905015,-0.03657525214587456
Cytoplasm_RadialDistribution_ZernikeMagnitude_CY5_5_1,0.08854131726907298,-0.15087970227681294
Nuclei_RadialDistribution_ZernikeMagnitude_GFP_6_4,-0.2349228965606645,-0.24467051278530344
Nuclei_RadialDistribution_ZernikePhase_DAPI_9_3,0.017263494922566694,0.05424085818590999
Nuclei_RadialDistribution_ZernikeMagnitude_DAPI_7_3,-0.005657890181332271,-0.03955066630307664
Nuclei_Texture_Contrast_DAPI_3_00_256,-0.11733421723116813,0.0
Nuclei_Intensity_MinIntensityEdge_GFP,-0.09613548624251655,-0.18672647892983504
Cytoplasm_Texture_DifferenceEntropy_RFP_3_01_256,-0.41851539090863893,0.0
Cells_RadialDistribution_ZernikeMagnitude_DAPI_6_2,0.43566791999532706,0.27563150281703563
Nuclei_RadialDistribution_ZernikeMagnitude_GFP_6_2,0.08186597069910911,0.00042918504401401564
Cells_AreaShape_Zernike_9_3,0.009463220359478872,0.03176794960375606
Cells_Texture_InfoMeas1_GFP_3_00_256,-1.283065078454846,-0.20843180303055958
Nuclei_Intensity_MassDisplacement_CY5,-0.05505455765305205,-0.0502651442561832
Nuclei_Correlation_RWC_RFP_GFP,-0.5569777925530567,-0.276193737851969
Nuclei_RadialDistribution_MeanFrac_DAPI_4of4,-0.5314346696335609,-0.07696799424995841
Cells_RadialDistribution_ZernikeMagnitude_GFP_6_0,-0.1397792271562079,-0.14203714202530004
Nuclei_Texture_InfoMeas2_RFP_3_01_256,-0.07084473657874327,-0.07300669919275908
Cytoplasm_RadialDistribution_ZernikeMagnitude_CY5_7_3,0.309968261978448,0.04376954319334327
Nuclei_RadialDistribution_MeanFrac_DAPI_1of4,0.17810168854348973,-0.009932271406742544
Cytoplasm_RadialDistribution_ZernikeMagnitude_DAPI_4_2,0.1926828858878808,0.0
Nuclei_RadialDistribution_ZernikeMagnitude_DAPI_5_5,-0.04795243831342066,-0.13462515670535702
Cells_RadialDistribution_ZernikePhase_GFP_4_2,0.012906148071840302,-0.04985416893757362
Cytoplasm_Texture_InverseDifferenceMoment_RFP_3_01_256,0.1240464537742417,0.0
Cytoplasm_RadialDistribution_ZernikePhase_CY5_7_5,0.0015470214789101743,0.009831068961835056
Nuclei_RadialDistribution_MeanFrac_RFP_4of4,0.18175944640706293,0.3853283717583783
Nuclei_AreaShape_Zernike_4_0,0.20740658538354992,0.12048193769103431
Nuclei_RadialDistribution_ZernikeMagnitude_GFP_2_0,0.5671443946416578,0.581829435676854
Cytoplasm_RadialDistribution_ZernikePhase_GFP_6_4,0.010199752733214404,0.03825341251020393
Nuclei_RadialDistribution_ZernikePhase_RFP_8_6,0.04483407976331686,0.045050393085585866
Nuclei_RadialDistribution_ZernikePhase_DAPI_8_8,-0.03904258492914108,-0.00888539985443417
Nuclei_RadialDistribution_ZernikePhase_GFP_7_1,-0.00405471241050776,0.026935126786667152
Cytoplasm_RadialDistribution_RadialCV_DAPI_3of4,0.2190416981183502,0.14289352834876223
Cytoplasm_Texture_InverseDifferenceMoment_RFP_3_00_256,-0.7587917986331619,0.0
Nuclei_RadialDistribution_ZernikePhase_RFP_5_5,0.0031685888180932303,-0.02805447346292427
Nuclei_Correlation_Overlap_CY5_GFP,0.04577750164957587,0.07655656908028734
Nuclei_RadialDistribution_ZernikePhase_RFP_7_3,-0.02881673560407932,-0.023081901981230234
Cytoplasm_RadialDistribution_ZernikePhase_CY5_6_4,0.07446304992175143,-0.016306258658110907
Cytoplasm_RadialDistribution_ZernikePhase_CY5_5_3,-0.05047256565753488,0.0006255460353480238
Nuclei_RadialDistribution_ZernikePhase_DAPI_5_3,0.0318064507876235,0.021505092654806345
Cells_RadialDistribution_ZernikePhase_CY5_6_2,-0.034660798499460924,-0.011755749125650968
Cells_RadialDistribution_ZernikePhase_DAPI_7_3,-0.03877720778837487,-0.03755949877347258
Cells_AreaShape_Solidity,-0.7729718197083006,0.0
Nuclei_AreaShape_Zernike_6_4,-0.026248236589858392,-0.013023333102163704
Cytoplasm_RadialDistribution_ZernikePhase_RFP_9_5,0.0463475244398855,0.04139560005924194
Cytoplasm_RadialDistribution_ZernikeMagnitude_RFP_6_4,0.020490612629673482,0.0
Cytoplasm_Texture_Contrast_RFP_3_03_256,-0.025506408687354345,0.0
Cells_RadialDistribution_ZernikePhase_GFP_7_1,-0.06490969403580898,-0.03705678703136
Cells_Texture_InfoMeas2_RFP_3_01_256,-0.028536874813583534,-0.07662319284193245
Nuclei_RadialDistribution_FracAtD_GFP_2of4,0.17681562374084175,-0.22494508546131925
Nuclei_RadialDistribution_ZernikeMagnitude_GFP_3_1,-0.12461767983184638,0.06438247601230154
Cells_Correlation_RWC_GFP_DAPI,-0.4057352495154752,-0.12302294909852654
Cells_RadialDistribution_ZernikePhase_GFP_4_4,-0.044720996742900226,-0.01739436152258249
Cytoplasm_RadialDistribution_RadialCV_RFP_3of4,-0.012186646648766546,-0.028623385490708104
Nuclei_RadialDistribution_MeanFrac_GFP_4of4,0.9860494122726576,0.18986679163337425
Cells_AreaShape_Zernike_4_0,-0.02069880262429895,-0.09111287984691155
Cells_Correlation_Overlap_DAPI_GFP,0.15287782131038175,0.20787555495316348
Nuclei_RadialDistribution_ZernikePhase_DAPI_6_4,0.018013923129832816,0.009578509061170918
Cytoplasm_Correlation_Overlap_DAPI_RFP,0.024209580693460526,0.02390080659326639
Cells_RadialDistribution_ZernikePhase_GFP_9_1,-0.013792697010655325,0.008220528297707367
Cytoplasm_Texture_InfoMeas1_DAPI_3_03_256,0.600638008950038,0.4201482645037095
Nuclei_RadialDistribution_ZernikeMagnitude_DAPI_3_3,-0.01192740943833783,0.08659022718682491
Cells_RadialDistribution_RadialCV_CY5_1of4,-0.10293452563566748,-0.02690149350333002
Cytoplasm_RadialDistribution_ZernikeMagnitude_DAPI_4_0,-0.017005715886962283,0.18497648344539394
Cells_RadialDistribution_ZernikeMagnitude_CY5_9_9,-0.04421981308563487,-0.025053129590797623
Cells_RadialDistribution_ZernikePhase_CY5_9_5,0.009363439380338382,0.03432748309334914
Nuclei_RadialDistribution_ZernikePhase_GFP_5_5,0.0008713329315966191,-0.011302346819291107
Nuclei_Correlation_RWC_GFP_DAPI,-0.10518774534510603,0.13242269304189092
Cells_Texture_InfoMeas1_GFP_3_03_256,-0.056330307234440456,-0.3093981418731823
Cytoplasm_RadialDistribution_ZernikePhase_GFP_5_1,0.06708633292498736,0.011640158507691182
Cells_RadialDistribution_ZernikePhase_DAPI_6_2,0.043376599210063434,0.0628020014804859
Cytoplasm_Intensity_MeanIntensityEdge_DAPI,0.3653455245746341,0.4525911123270238
Cells_RadialDistribution_ZernikePhase_CY5_8_4,0.009245858617879667,-0.001972838713214295
Cells_RadialDistribution_ZernikePhase_DAPI_5_3,-0.0949475520520961,-0.07405190417497394
Nuclei_Texture_InfoMeas1_RFP_3_00_256,-0.03761199582821031,0.018602034855906672
Nuclei_RadialDistribution_ZernikePhase_RFP_9_3,-0.01753946128009436,-0.0079568751352418
Cells_RadialDistribution_ZernikeMagnitude_RFP_8_2,-0.0706638846174331,-0.050053721931042676
Nuclei_AreaShape_Zernike_9_7,-0.09433435414240275,-0.06540427622190476
Cytoplasm_AreaShape_Zernike_2_2,-0.04622853191952683,-0.01196972098001969
Nuclei_RadialDistribution_RadialCV_RFP_2of4,0.09597499686533414,0.09193739867718584
Nuclei_RadialDistribution_FracAtD_CY5_1of4,0.06482369486143472,-0.07977144610625844
Cytoplasm_RadialDistribution_ZernikeMagnitude_GFP_9_1,-0.08232884273663162,-0.05253497282895381
Cytoplasm_RadialDistribution_ZernikePhase_DAPI_5_3,-0.026431566976300624,-0.01716199304406078
Nuclei_AreaShape_Zernike_8_8,0.14510533153856087,0.10782185814088176
Cytoplasm_Texture_Contrast_DAPI_3_01_256,-0.21974772584097024,-0.23069238086999266
Nuclei_Texture_Correlation_GFP_3_02_256,-0.08096033988938761,-0.04975345525236184
Cytoplasm_RadialDistribution_ZernikeMagnitude_GFP_3_1,0.49484180438713066,0.1922676265687425
Cytoplasm_Correlation_Overlap_GFP_RFP,-0.3066459737544114,-0.2495463381639327
Nuclei_RadialDistribution_ZernikePhase_CY5_4_4,-0.00449256750540175,-0.0030563553197438596
Nuclei_Texture_Contrast_DAPI_3_02_256,-0.4864891710127579,0.0
Nuclei_Texture_Contrast_RFP_3_03_256,-0.04279972136855436,-0.07415664553071091
Cells_RadialDistribution_ZernikeMagnitude_RFP_4_0,-0.13912316263251917,-0.19919267783623945
Cytoplasm_RadialDistribution_FracAtD_RFP_4of4,-2.142580282068062,-0.16055988020806328
Cells_RadialDistribution_ZernikeMagnitude_RFP_9_3,0.02660906919687061,0.09844240178098448
Nuclei_RadialDistribution_ZernikePhase_GFP_1_1,0.00857246946840771,0.0005074852038396688
Cytoplasm_RadialDistribution_ZernikePhase_DAPI_1_1,0.039110164260243156,0.036542438727189014
Cells_RadialDistribution_ZernikePhase_DAPI_4_4,0.056955714892345126,0.01414800255729157
Cells_RadialDistribution_ZernikePhase_RFP_4_2,-0.0275620510743207,-0.025337380771629555
Nuclei_RadialDistribution_ZernikeMagnitude_CY5_8_4,0.004967868723589504,0.11364819983477838
Cytoplasm_Granularity_1_DAPI,-0.5603913219817277,-0.24736417832245342
Cells_Granularity_2_GFP,0.1143855875896986,0.0
Cells_RadialDistribution_ZernikePhase_RFP_7_5,0.0007483922527095629,0.024681250103320153
Cells_RadialDistribution_RadialCV_RFP_3of4,-0.07571183602463656,0.10197538053865005
Nuclei_RadialDistribution_ZernikePhase_CY5_6_2,0.007779970844752857,-0.015843957785191674
Cytoplasm_RadialDistribution_ZernikeMagnitude_RFP_7_5,-0.15098696754360594,0.0
Cells_RadialDistribution_ZernikeMagnitude_RFP_7_1,-0.10374836637439405,0.01616950946981997
Cytoplasm_RadialDistribution_ZernikePhase_CY5_2_2,0.028215582942846533,0.0
Nuclei_RadialDistribution_ZernikeMagnitude_CY5_4_0,0.04649792529049053,0.011668174936127694
Cytoplasm_RadialDistribution_ZernikePhase_CY5_9_7,0.08543590584107486,0.02852868295343749
Cytoplasm_Intensity_IntegratedIntensityEdge_GFP,-0.18468746910390882,0.18657395261988508
Cytoplasm_RadialDistribution_ZernikePhase_DAPI_6_2,0.014829723537320635,-0.01573943823941885
Cells_RadialDistribution_FracAtD_CY5_3of4,-0.36449819203789,0.0
Nuclei_RadialDistribution_ZernikeMagnitude_GFP_5_5,-0.04305013892350922,-0.09425772685672658
Nuclei_RadialDistribution_ZernikeMagnitude_CY5_3_1,0.028582342379027376,-0.08680587484053547
Nuclei_RadialDistribution_MeanFrac_RFP_1of4,-0.1508131803906643,-0.18239795536711256
Nuclei_Correlation_Overlap_CY5_RFP,0.02011769419367592,-0.039447010967848105
Cytoplasm_AreaShape_Zernike_4_0,0.08647713228174715,0.060238373666812915
Cytoplasm_Granularity_1_RFP,0.008709919686092438,-0.055783796636916
Cytoplasm_RadialDistribution_ZernikePhase_CY5_6_2,0.12109603235154227,0.07855792261585243
Cells_Texture_InfoMeas1_CY5_3_00_256,0.016002937049142324,-0.04361107419310212
Cells_Intensity_StdIntensityEdge_CY5,-0.6312257788628285,-0.39734109020782143
Cells_RadialDistribution_ZernikePhase_DAPI_2_2,-0.015149354434222287,-0.021831984837456398
Nuclei_RadialDistribution_ZernikeMagnitude_DAPI_2_2,-0.3971157858964598,-0.23488477902362853
Nuclei_RadialDistribution_ZernikePhase_CY5_8_6,-0.04654994044754073,-0.022566560024926793
Nuclei_RadialDistribution_ZernikePhase_RFP_4_4,-0.0011028402697061878,-0.02932403062713792
Cells_RadialDistribution_ZernikeMagnitude_RFP_6_0,0.21919711552944524,0.11283855486562805
Cytoplasm_Texture_Contrast_RFP_3_01_256,-0.04772933978586056,0.0
Nuclei_RadialDistribution_ZernikeMagnitude_DAPI_5_1,-0.0013179986815384564,-0.012037799722029521
Nuclei_AreaShape_Zernike_7_7,-0.022029954616673883,0.0062590172777810945
Nuclei_RadialDistribution_ZernikeMagnitude_DAPI_6_4,0.07159296276317359,-0.004119976590311062
Nuclei_RadialDistribution_ZernikePhase_GFP_8_6,-0.0006491870147004006,-0.006960811342926175
Cells_RadialDistribution_ZernikeMagnitude_CY5_3_1,0.32731330285738075,0.0
Nuclei_RadialDistribution_ZernikeMagnitude_CY5_7_1,-0.0052822877534130395,0.11349344149229086
Cytoplasm_RadialDistribution_ZernikePhase_DAPI_6_6,-0.02973760333811619,-0.01606515059058825
Cytoplasm_Texture_Contrast_GFP_3_03_256,-0.4389834729724741,-0.2119464530161203
Cytoplasm_RadialDistribution_ZernikeMagnitude_GFP_8_0,-0.12231350402643648,-0.17255089301962728
Nuclei_RadialDistribution_ZernikeMagnitude_RFP_9_3,0.01519325069906923,-0.05718854470699428
Cells_RadialDistribution_RadialCV_CY5_4of4,0.030663600872483696,0.08572117791286325
Cells_Texture_Correlation_GFP_3_03_256,-0.21242679109461265,0.0
Cells_RadialDistribution_ZernikePhase_DAPI_7_1,0.09057579471558304,0.0016556276469069009
Cytoplasm_AreaShape_Solidity,1.3517528196542066,0.39378580918274303
Cytoplasm_RadialDistribution_ZernikeMagnitude_GFP_2_2,0.31263697493991766,0.09832415401443152
Nuclei_RadialDistribution_ZernikeMagnitude_GFP_9_7,0.0027529635484066606,-0.01340328117789781
Nuclei_RadialDistribution_ZernikeMagnitude_CY5_6_0,-0.024615243314658336,0.08469332955227975
Nuclei_RadialDistribution_ZernikePhase_CY5_8_4,0.030632368744451223,0.04451587286036631
Cells_RadialDistribution_ZernikePhase_RFP_7_1,0.015943984255084535,0.045764013025646304
Nuclei_RadialDistribution_ZernikeMagnitude_CY5_9_3,0.032561416172637435,-0.08812973914719152
Cytoplasm_RadialDistribution_ZernikePhase_DAPI_7_1,0.010166180066183878,-0.018683701697198147
Nuclei_RadialDistribution_ZernikeMagnitude_RFP_7_7,-0.12220214868954989,-0.20020492531977485
Nuclei_Texture_Contrast_GFP_3_03_256,0.2098709944165625,0.3550552735619969
Nuclei_RadialDistribution_ZernikeMagnitude_RFP_7_1,-0.067344633969854,-0.10342961233211827
Cytoplasm_RadialDistribution_MeanFrac_GFP_1of4,-0.3105927337975787,0.0
Cytoplasm_Texture_InfoMeas1_GFP_3_01_256,-0.45504841189170686,-0.31004091795339184
Cytoplasm_Intensity_IntegratedIntensity_DAPI,-0.11923316675829987,-0.4747068908331696
Nuclei_RadialDistribution_ZernikeMagnitude_RFP_8_4,0.00980373684188196,-0.04298371238744799
Cytoplasm_AreaShape_MajorAxisLength,0.05524868415730625,-0.0610169109691421
Cells_Correlation_K_DAPI_GFP,-0.2952454942118442,-0.46662879502784416
Cells_AreaShape_Zernike_2_0,0.13919721595739373,0.0
Cytoplasm_RadialDistribution_ZernikeMagnitude_GFP_7_1,0.10262137279302769,0.04629582767894898
Cytoplasm_Intensity_MADIntensity_DAPI,-0.10857121484658122,-0.25872942918871733
Cytoplasm_RadialDistribution_ZernikePhase_RFP_7_3,-0.02683770189405418,-0.019599777513872353
Cytoplasm_RadialDistribution_MeanFrac_RFP_2of4,-0.32237184188868095,-0.13835315397747394
Cytoplasm_RadialDistribution_ZernikePhase_GFP_8_2,0.0300680845246843,-0.001956098184691761
Cytoplasm_RadialDistribution_ZernikePhase_GFP_9_1,-0.0265371779785004,-0.05991888084181562
Cells_Intensity_MeanIntensityEdge_GFP,0.4606147290517852,0.045397287818260086
Cells_RadialDistribution_ZernikePhase_GFP_6_2,-0.011947748760015923,0.020411568079141084
Nuclei_RadialDistribution_ZernikePhase_GFP_8_8,-0.023552172271873725,0.01745094299158558
Cytoplasm_RadialDistribution_ZernikePhase_RFP_6_4,0.03473355230166568,0.014648946488900246
Nuclei_RadialDistribution_ZernikeMagnitude_GFP_8_2,0.017098821953884628,0.024644822472457945
Cytoplasm_RadialDistribution_ZernikePhase_DAPI_9_1,0.02530500794002228,0.004833415140408011
Nuclei_RadialDistribution_ZernikeMagnitude_RFP_9_9,0.07804567552224648,0.11904772699783892
Nuclei_Texture_Correlation_CY5_3_02_256,-0.052844778987480315,-0.008106496871221943
Cells_RadialDistribution_ZernikePhase_DAPI_3_1,-0.056659167990190135,-0.006102795661122712
Nuclei_RadialDistribution_ZernikeMagnitude_GFP_5_3,0.060468273174784065,0.03610258703667078
Nuclei_RadialDistribution_ZernikePhase_RFP_8_2,0.06344270757141159,0.06097729664506055
Cytoplasm_Texture_DifferenceEntropy_RFP_3_03_256,-0.565253220020479,0.0
Cytoplasm_Intensity_IntegratedIntensity_GFP,0.1790835899385774,0.4273071029882151
Cytoplasm_RadialDistribution_ZernikeMagnitude_DAPI_8_6,-0.1331272019385048,0.0
Cytoplasm_Texture_Contrast_RFP_3_02_256,-0.047979070418518704,0.0
Nuclei_RadialDistribution_ZernikePhase_RFP_9_9,-0.018946752266824702,-0.018887559632569946
Cytoplasm_RadialDistribution_ZernikeMagnitude_DAPI_9_3,0.07437666024095455,0.053923849933142226
Nuclei_AreaShape_Zernike_5_5,0.08976965668968467,0.1292835477420381
Cells_Intensity_MeanIntensityEdge_CY5,1.1562394247319567,0.5220839044475953
Nuclei_AreaShape_Orientation,0.093916500631326,0.01563763181875892
Cells_Correlation_RWC_DAPI_CY5,0.1856325337672578,0.2222244028782071
Nuclei_AreaShape_Zernike_6_2,0.10753292699719182,0.1284572061833151
Nuclei_RadialDistribution_ZernikeMagnitude_GFP_8_6,0.007439690859663537,-0.10159758328165738
Nuclei_RadialDistribution_ZernikePhase_DAPI_5_5,-0.03561278865629167,-0.03493982384271498
Nuclei_RadialDistribution_ZernikeMagnitude_DAPI_6_0,-0.04243056392138062,-0.05141179927374902
Nuclei_Texture_Correlation_CY5_3_01_256,0.1433549685743549,0.143680551412764
Cytoplasm_RadialDistribution_ZernikePhase_DAPI_9_9,-0.03265935587474069,-0.054024434540794336
Cytoplasm_RadialDistribution_ZernikeMagnitude_GFP_6_2,0.3002738670568493,0.1325034718510713
Cells_AreaShape_Zernike_0_0,0.1173575778272319,0.0
Nuclei_AreaShape_Zernike_1_1,-0.022902907376693357,0.1570771875618734
Nuclei_RadialDistribution_ZernikePhase_CY5_3_1,-0.0345229491105553,-0.012978614612824648
Cytoplasm_RadialDistribution_ZernikeMagnitude_RFP_4_0,-0.04038807897165976,0.0494698667135457
Cytoplasm_Intensity_StdIntensityEdge_GFP,-0.4908855680834541,-0.5416470991986921
Cytoplasm_RadialDistribution_ZernikePhase_DAPI_3_3,-0.017268989227922707,0.012919971468541808
Cells_AreaShape_Zernike_9_1,-0.02253274726241604,-0.08934837748884888
Cytoplasm_RadialDistribution_ZernikeMagnitude_CY5_9_1,0.06538657384444699,0.04519588087990449
Nuclei_Texture_DifferenceEntropy_RFP_3_00_256,0.05112517162309883,0.0
Cytoplasm_AreaShape_Zernike_5_3,-0.17117212807555218,-0.15347529937850765
Nuclei_Intensity_MassDisplacement_GFP,0.23580383092860172,0.08535332564967095
Cells_RadialDistribution_ZernikePhase_CY5_5_1,0.04657433217030594,0.022311165311764018
Nuclei_RadialDistribution_ZernikePhase_RFP_3_1,0.020132940184130248,-0.0004324643040792877
Nuclei_RadialDistribution_ZernikePhase_RFP_3_3,0.016832725059575056,0.026827141459122426
Cytoplasm_RadialDistribution_ZernikeMagnitude_CY5_7_1,-0.043344849130336933,0.0
Nuclei_Texture_Contrast_CY5_3_00_256,-0.060215166795971116,0.0
Cells_RadialDistribution_ZernikeMagnitude_CY5_8_2,-0.17954393688613027,-0.014188182528797583
Cytoplasm_Correlation_K_GFP_DAPI,0.40538419818673227,0.5530312985152565
Cytoplasm_RadialDistribution_ZernikeMagnitude_DAPI_6_2,0.1511682188922179,0.13709004790877558
Cells_RadialDistribution_ZernikeMagnitude_CY5_9_5,-0.06091144207941944,-0.0714615047280996
Nuclei_RadialDistribution_RadialCV_DAPI_4of4,0.18845095085406335,0.0773291663906325
Nuclei_RadialDistribution_RadialCV_DAPI_1of4,-0.09653589131357813,-0.08531041635827111
Cells_RadialDistribution_ZernikeMagnitude_DAPI_4_0,0.31322101301731264,0.25054021075434857
Cells_RadialDistribution_ZernikePhase_RFP_5_3,0.05740165641888062,0.0738574267961048
Nuclei_AreaShape_Eccentricity,-0.34011971839893074,-0.4508984529273937
Nuclei_RadialDistribution_MeanFrac_CY5_1of4,-0.006734763235891471,-0.023564863822840967
Cytoplasm_RadialDistribution_ZernikeMagnitude_GFP_4_2,-0.13972727295227963,-0.04199857387007238
Nuclei_RadialDistribution_MeanFrac_DAPI_2of4,0.5961645021593974,0.08783496468802017
Cells_Texture_Correlation_DAPI_3_03_256,-1.030366610148825,-0.5755283526159333
